start 19:08:12 cursor at 3700,300

Running 792 tests using 1 worker

  ok   1 [chrome] › circuit.spec.mjs:34:5 › keys typed faster than the round trip are neither lost nor reordered (ED-22, SRV-5) › a number typed at full speed is committed whole (1.7s)
  ok   2 [chrome] › circuit.spec.mjs:43:5 › keys typed faster than the round trip are neither lost nor reordered (ED-22, SRV-5) › continuous entry puts each value in its own cell (2.3s)
  ok   3 [chrome] › circuit.spec.mjs:54:5 › keys typed faster than the round trip are neither lost nor reordered (ED-22, SRV-5) › keys held behind a key that opened nothing replay as ordinary keys (698ms)
  ok   4 [chrome] › circuit.spec.mjs:64:1 › a paste past a Server hub's message limit arrives whole (CP-21, ADR-0052) (452ms)
  ok   5 [chrome] › circuit.spec.mjs:90:1 › a clipboard write the browser rejects is refused by name (CP-23) (292ms)
  ok   6 [chrome] › circuit.spec.mjs:111:1 › keys typed together in a menu run the item the keys chose (ADR-0039, SRV-5) (700ms)
  ok   7 [chrome] › circuit.spec.mjs:133:1 › keys typed straight after a key that opens a menu reach the menu (KB-33, ADR-0010/0039) (928ms)
  ok   8 [chrome] › circuit.spec.mjs:151:5 › a search typed straight after E lands whole in the search box, and Enter applies it (ADR-0044, ADR-0010, SRV-5, builtin) (1.0s)
  ok   9 [chrome] › circuit.spec.mjs:151:5 › a search typed straight after E lands whole in the search box, and Enter applies it (ADR-0044, ADR-0010, SRV-5, mud) (1.0s)
  ok  10 [chrome] › circuit.spec.mjs:178:1 › a key typed straight after a letter that runs a command waits for the popover to close (ADR-0010/0044, SRV-5) (1.1s)
  ok  11 [chrome] › circuit.spec.mjs:197:1 › a held Tab that script cannot perform stops the held typing there, rather than letting it land in the wrong field (ADR-0010/0044, SRV-5) (1.6s)
  ok  12 [chrome] › circuit.spec.mjs:229:5 › an Escape pressed straight after the operator list opens is not the grid's (KB-35, ADR-0039) (1.2s)
  ok  13 [chrome] › circuit.spec.mjs:229:5 › an Escape pressed straight after the date calendar opens is not the grid's (KB-35, ADR-0039) (1.1s)
  ok  14 [chrome] › circuit.spec.mjs:278:1 › a value typed and Enter pressed at once apply the condition (KB-31, SRV-5) (770ms)
  ok  15 [chrome] › circuit.spec.mjs:297:1 › Escape, Escape straight after an Inner Popup closes it and then the panel (ADR-0039, SRV-5) (956ms)
  ok  16 [chrome] › circuit.spec.mjs:314:1 › a menu taking the keyboard a round trip late keeps the scroll the user gave it (ADR-0039/0040, SRV-5) (920ms)
  ok  17 [chrome] › circuit.spec.mjs:338:5 › a Prerendered grid is busy and takes no tab stop until its circuit connects (A11Y-20) (597ms)
  ok  18 [chrome] › circuit.spec.mjs:360:5 › two users, one store (SRV-3, ADR-0018) › a store change reaches both, a sort reaches one, and a shared source is refused (714ms)
  ok  19 [chrome] › circuit.spec.mjs:440:9 › a click between keys is ordered with them (ED-22, ADR-0010) › with 0 ms between the steps, each value lands in the cell clicked for it (999ms)
  ok  20 [chrome] › circuit.spec.mjs:440:9 › a click between keys is ordered with them (ED-22, ADR-0010) › with 30 ms between the steps, each value lands in the cell clicked for it (1.3s)
  ok  21 [chrome] › circuit.spec.mjs:440:9 › a click between keys is ordered with them (ED-22, ADR-0010) › with 60 ms between the steps, each value lands in the cell clicked for it (1.0s)
  ok  22 [chrome] › circuit.spec.mjs:455:5 › a click between keys is ordered with them (ED-22, ADR-0010) › a click straight after a key waits for no fallback: each step lands before the hold would give up (ED-22, ADR-0010) (2.5s)
  ok  23 [chrome] › circuit.spec.mjs:473:5 › a click between keys is ordered with them (ED-22, ADR-0010) › with a 150 ms round trip and no pause, each value lands in the cell clicked for it (SRV-5) (5.0s)
  ok  24 [chrome] › circuit.spec.mjs:505:9 › typing into an open field on a 150 ms circuit loses nothing (SRV-5, ED-22) › the Cell Editor, at 10 keys a second (builtin) (3.1s)
  ok  25 [chrome] › circuit.spec.mjs:505:9 › typing into an open field on a 150 ms circuit loses nothing (SRV-5, ED-22) › the Cell Editor, at 10 keys a second (mud) (3.1s)
  ok  26 [chrome] › circuit.spec.mjs:527:5 › typing into an open field on a 150 ms circuit loses nothing (SRV-5, ED-22) › the Name Box, at 10 keys a second (2.1s)
  ok  27 [chrome] › circuit.spec.mjs:552:1 › a ← typed as the completion list is painted is left to the editor (ADR-0051, ADR-0010) (435ms)
  ok  28 [chrome] › circuit.spec.mjs:600:9 › text typed at full speed into the grid's own fields arrives whole, under the builtin Chrome (SRV-7) › in the Cell Editor (815ms)
  ok  29 [chrome] › circuit.spec.mjs:614:9 › text typed at full speed into the grid's own fields arrives whole, under the builtin Chrome (SRV-7) › in the find field (ADR-0055) (874ms)
  ok  30 [chrome] › circuit.spec.mjs:625:9 › text typed at full speed into the grid's own fields arrives whole, under the builtin Chrome (SRV-7) › in the filter's search box (ADR-0009) (929ms)
  ok  31 [chrome] › circuit.spec.mjs:637:9 › text typed at full speed into the grid's own fields arrives whole, under the builtin Chrome (SRV-7) › in the filter's condition value (ADR-0009) (968ms)
  ok  32 [chrome] › circuit.spec.mjs:600:9 › text typed at full speed into the grid's own fields arrives whole, under the mud Chrome (SRV-7) › in the Cell Editor (884ms)
  ok  33 [chrome] › circuit.spec.mjs:614:9 › text typed at full speed into the grid's own fields arrives whole, under the mud Chrome (SRV-7) › in the find field (ADR-0055) (873ms)
  ok  34 [chrome] › circuit.spec.mjs:625:9 › text typed at full speed into the grid's own fields arrives whole, under the mud Chrome (SRV-7) › in the filter's search box (ADR-0009) (1.4s)
  ok  35 [chrome] › circuit.spec.mjs:637:9 › text typed at full speed into the grid's own fields arrives whole, under the mud Chrome (SRV-7) › in the filter's condition value (ADR-0009) (1.5s)
  ok  36 [chrome] › declarations.spec.mjs:59:9 › under the builtin Chrome › DC-17: the candidate list opens under the editor, inside the grid's box; Tab accepts (2.7s)
  ok  37 [chrome] › declarations.spec.mjs:95:9 › under the builtin Chrome › DC-17: Escape closes the list and leaves the edit open; the next Escape cancels (2.2s)
  ok  38 [chrome] › declarations.spec.mjs:108:9 › under the builtin Chrome › DC-31: with the list open, ← and → move the caret and the list stays (2.5s)
  ok  39 [chrome] › declarations.spec.mjs:134:9 › under the builtin Chrome › DC-31: a repeated letter (=SS) completes the span at the caret, and the caret sits after it (2.6s)
  ok  40 [chrome] › declarations.spec.mjs:167:9 › under the builtin Chrome › DC-17: completion works from the Formula Bar, its list inside the grid's box (2.2s)
  ok  41 [chrome] › declarations.spec.mjs:59:9 › under the mud Chrome › DC-17: the candidate list opens under the editor, inside the grid's box; Tab accepts (4.4s)
  ok  42 [chrome] › declarations.spec.mjs:95:9 › under the mud Chrome › DC-17: Escape closes the list and leaves the edit open; the next Escape cancels (4.2s)
  ok  43 [chrome] › declarations.spec.mjs:108:9 › under the mud Chrome › DC-31: with the list open, ← and → move the caret and the list stays (4.5s)
  ok  44 [chrome] › declarations.spec.mjs:134:9 › under the mud Chrome › DC-31: a repeated letter (=SS) completes the span at the caret, and the caret sits after it (4.6s)
  ok  45 [chrome] › declarations.spec.mjs:167:9 › under the mud Chrome › DC-17: completion works from the Formula Bar, its list inside the grid's box (4.3s)
  ok  46 [chrome] › declarations.spec.mjs:191:1 › DC-19: = ↓ ↓ points at F4, Shift+arrows extend, the Selection and the Focus stay put (2.6s)
  ok  47 [chrome] › declarations.spec.mjs:229:1 › DC-19: a click points at the clicked cell; Shift+click extends (2.3s)
  ok  48 [chrome] › declarations.spec.mjs:247:1 › DC-19: F2 switches from pointing to moving the caret (2.3s)
  ok  49 [chrome] › declarations.spec.mjs:270:1 › DC-31: a Reference written mid-text lands at the caret and the caret sits after it (2.3s)
  ok  50 [chrome] › declarations.spec.mjs:291:5 › DC-19/DC-34: pointing from the Formula Bar; a press into the bar keeps its caret; moving the caret enters Caret (builtin Chrome) (2.6s)
  ok  51 [chrome] › declarations.spec.mjs:291:5 › DC-19/DC-34: pointing from the Formula Bar; a press into the bar keeps its caret; moving the caret enters Caret (mud Chrome) (4.5s)
  ok  52 [chrome] › declarations.spec.mjs:342:5 › DC-19/DC-34: a press in the Formula Bar's text before a 150 ms circuit has placed the caret after a pointed Reference ends pointing (builtin Chrome) (4.4s)
  ok  53 [chrome] › declarations.spec.mjs:342:5 › DC-19/DC-34: a press in the Formula Bar's text before a 150 ms circuit has placed the caret after a pointed Reference ends pointing (mud Chrome) (6.4s)
  ok  54 [chrome] › declarations.spec.mjs:377:5 › DC-19/ADR-0010: keys typed into the Formula Bar before a 150 ms circuit has answered the press into it keep their meaning (builtin Chrome) (6.6s)
  ok  55 [chrome] › declarations.spec.mjs:377:5 › DC-19/ADR-0010: keys typed into the Formula Bar before a 150 ms circuit has answered the press into it keep their meaning (mud Chrome) (8.6s)
  ok  56 [chrome] › declarations.spec.mjs:427:5 › ADR-0021: a row press's late hand-back does not take the keyboard from the Formula Bar or the Name Box pressed after it, on a 150 ms circuit (builtin Chrome) (6.3s)
  ok  57 [chrome] › declarations.spec.mjs:427:5 › ADR-0021: a row press's late hand-back does not take the keyboard from the Formula Bar or the Name Box pressed after it, on a 150 ms circuit (mud Chrome) (8.3s)
  ok  58 [chrome] › declarations.spec.mjs:466:1 › DC-20: typed quickly on a 150 ms circuit, no arrow points where the text forbids it (4.9s)
  ok  59 [chrome] › declarations.spec.mjs:489:1 › DC-28: keys typed in the Formula Bar behind F2 on a 150 ms circuit land in the bar, in order (3.0s)
  ok  60 [chrome] › declarations.spec.mjs:520:1 › DC-28/ED-22: after keys held behind F2 on a 150 ms circuit, the next key lands at the caret they left (4.1s)
  ok  61 [chrome] › declarations.spec.mjs:570:5 › DC-13/DC-27: dragging the fill handle continues a series; the Selection is source and target (builtin Chrome) (2.7s)
  ok  62 [chrome] › declarations.spec.mjs:570:5 › DC-13/DC-27: dragging the fill handle continues a series; the Selection is source and target (mud Chrome) (4.8s)
  x   63 [chrome] › declarations.spec.mjs:596:1 › DC-13: the edge auto-scroll carries a fill past the bottom of the Viewport (4.2s)
  ok  64 [chrome] › declarations.spec.mjs:633:1 › DC-13: a Formula filled right shifts its References; a refused pattern leaves the Selection on the source (3.4s)
  ok  65 [chrome] › declarations.spec.mjs:659:1 › DC-8: a block pasted from the real clipboard onto one cell spills, and becomes the Selection (2.3s)
  ok  66 [chrome] › declarations.spec.mjs:684:5 › CP-6/CP-10/CP-14: Ctrl+C and Ctrl+V reach the grid after every way out of an edit (builtin Chrome) (4.4s)
  ok  67 [chrome] › declarations.spec.mjs:684:5 › CP-6/CP-10/CP-14: Ctrl+C and Ctrl+V reach the grid after every way out of an edit (mud Chrome) (6.3s)
  ok  68 [chrome] › declarations.spec.mjs:781:1 › DC-38/ADR-0048: Excel's too-narrow column pasted onto one cell is refused, the notice says why, and the Selection stays (2.7s)
  ok  69 [chrome] › declarations.spec.mjs:799:1 › DC-8: Excel's column wide enough, with the same flavours, file and RTF included, pastes and spills (2.2s)
DC-33 marker on the asynchronous (Server: navigator.clipboard.write) route: kept
  ok  70 [chrome] › declarations.spec.mjs:828:1 › SH-14/DC-33: a copy inside the Sheet carries Entries and shifts References; outward it carries Values (2.5s)
DC-33 marker on the asynchronous route (menu copy): kept; html: <html>
<body>
<!--StartFragment--><html><head></head><body><table data-ex-grid="invariant" xmlns:x="urn:schemas-microsoft-com:office:excel"><tbody><tr><td x:num="12">12</td><td x:num="0.5">0.5</td></tr><tr><td x:num="7">7</td><td x:num="0.75">0.75</td></tr></tbody></table></body></html><!--EndFrag
  ok  71 [chrome] › declarations.spec.mjs:858:1 › DC-33: whether the invariant marker survives the asynchronous clipboard route (a menu copy) (2.4s)
  ok  72 [chrome] › declarations.spec.mjs:885:1 › DC-30: Ctrl+Z / Ctrl+Y / Ctrl+Shift+Z walk the Sheet's stack; with an edit open they are the editor's (2.8s)
  ok  73 [chrome] › declarations.spec.mjs:924:1 › DC-30/ADR-0007: with an edit open, Ctrl+Z undoes uncommitted typing (3.3s)
  ok  74 [chrome] › declarations.spec.mjs:953:1 › SRV-5/ED-22: a Formula typed into an open editor at 10 keys a second on a 150 ms circuit loses nothing (4.4s)
  ok  75 [chrome] › declarations.spec.mjs:966:1 › DC-30/DC-25: on the grid that declares no undo, Ctrl+Z stays the browser's (2.0s)
  ok  76 [chrome] › declarations.spec.mjs:990:1 › DC-36: the grips resize a column and size it to fit, and no header carries a menu button (2.3s)
  ok  77 [chrome] › declarations.spec.mjs:1015:1 › DC-25: the positions grid, declaring nothing, keeps ExGrid's own behaviour beside the Sheet (2.3s)
  ok  78 [chrome] › excel-keys.spec.mjs:28:1 › Ctrl+Z and Ctrl+Y reach the Consumer's history, and the keydown is taken (KB-39, ADR-0007) (766ms)
  ok  79 [chrome] › excel-keys.spec.mjs:51:1 › inside the editor Ctrl+Z, Delete and Backspace are the input's own (ADR-0007, ED-25) (270ms)
  ok  80 [chrome] › excel-keys.spec.mjs:68:1 › Delete raises one Clear Intent, and the Consumer blanks what it can (ED-24, ADR-0054) (333ms)
  ok  81 [chrome] › excel-keys.spec.mjs:86:1 › Delete over a non-editable column is refused whole, and says so (ED-24, ADR-0054) (296ms)
  ok  82 [chrome] › excel-keys.spec.mjs:97:1 › Backspace opens an empty editor, and Escape leaves the cell as it was (ED-23, ADR-0035) (486ms)
  ok  83 [chrome] › excel-keys.spec.mjs:116:1 › Ctrl+D fills down and Ctrl+R fills right, and the browser keeps neither key (CP-24, ADR-0035) (260ms)
  ok  84 [chrome] › excel-keys.spec.mjs:137:1 › Ctrl+D on the first row is refused by name (CP-25, ADR-0035) (226ms)
  ok  85 [chrome] › excel-keys.spec.mjs:143:1 › a display-only grid leaves Delete, Backspace, Ctrl+Z, Ctrl+D and Ctrl+R to the page (ED-25, KB-39, ADR-0054/0035/0007) (377ms)
  ok  86 [chrome] › features.spec.mjs:28:1 › typing opens Overwrite containing the character, Enter commits and moves (ED-2/ED-4) (601ms)
  ok  87 [chrome] › features.spec.mjs:48:1 › in Overwrite an arrow commits and moves; in Caret it moves the caret (ED-2) (445ms)
  ok  88 [chrome] › features.spec.mjs:65:1 › Escape cancels the editor and never blurs the grid mid-edit (ED-3) (376ms)
  ok  89 [chrome] › features.spec.mjs:80:1 › the clipboard carries both formats, and #### never reaches it (CP-4/CP-5/CP-6/CP-10) (303ms)
  ok  90 [chrome] › features.spec.mjs:127:1 › a misaligned selection refuses and the clipboard stays untouched (CP-1/CP-3) (217ms)
  ok  91 [chrome] › features.spec.mjs:141:1 › paste raises one intent shaped by the clipboard block (CP-14, PST-1) (410ms)
  ok  92 [chrome] › features.spec.mjs:162:1 › CP-6/CP-10/CP-14: Ctrl+C and Ctrl+V reach the grid after an edit ends by Enter, Tab or Escape (1.6s)
  ok  93 [chrome] › features.spec.mjs:201:1 › ADR-0014 (amended 2026-09-29): one value of plain text over a range goes into its top-left alone, and the Selection collapses to it (443ms)
  ok  94 [chrome] › features.spec.mjs:222:1 › ADR-0014 (amended 2026-09-29): one cell copied inside the grid still fills the whole range (541ms)
  ok  95 [chrome] › features.spec.mjs:240:1 › a paste covering a non-editable column is refused whole (CP-16, ADR-0035) (200ms)
  ok  96 [chrome] › features.spec.mjs:255:1 › Ctrl+Enter fill across a non-editable column is refused, and says so (CP-16, ADR-0035, ADR-0052) (352ms)
  ok  97 [chrome] › features.spec.mjs:276:1 › a refusal is announced, not only painted (A11Y-16, ADR-0035) (336ms)
  ok  98 [chrome] › features.spec.mjs:297:1 › a menu copy writes without a prompt, and with headers (CP-19/CP-17, ADR-0005/0036) (418ms)
  ok  99 [chrome] › features.spec.mjs:313:1 › a Reject holds the editor with real keys, and Escape is the way out (ED-15, ADR-0034) (351ms)
  ok 100 [chrome] › features.spec.mjs:332:1 › a Flag applies and is marked, and its message opens on the Focus (ED-16/ED-17, ADR-0034) (1.1s)
  ok 101 [chrome] › features.spec.mjs:349:1 › a flagged cell says why when the pointer rests on it (ED-17b, ADR-0021/0034) (1.2s)
  ok 102 [chrome] › features.spec.mjs:369:1 › a pasted value wears the same mark as a typed one (ADR-0034) (199ms)
  ok 103 [chrome] › features.spec.mjs:379:1 › Ctrl+PageDown is neither handled nor prevented (KB-15) (211ms)
  ok 104 [chrome] › features.spec.mjs:414:1 › the grid is one tab stop (A11Y-4, KB-12) (249ms)
  ok 105 [chrome] › features.spec.mjs:443:1 › two instances stay independent: no --ex-* on :root, no window global (DOM-4) (118ms)
  ok 106 [chrome] › features.spec.mjs:462:1 › a header click sorts and the selection is untouched by it (SR-1) (158ms)
  ok 107 [chrome] › features.spec.mjs:476:1 › a display-only grid does not take printable keys away from the page (ADR-0010/0020) (349ms)
  ok 108 [chrome] › features.spec.mjs:503:1 › Escape returns the keyboard from a descendant control to the grid (ADR-0020/0012) (327ms)
  ok 109 [chrome] › features.spec.mjs:538:1 › Space enters a cell with several actions; the arrows choose and Space fires once (KB-20/KB-21, ADR-0037) (478ms)
  ok 110 [chrome] › features.spec.mjs:565:1 › inside a cell Enter never fires: it leaves and moves down (KB-22, ADR-0020/0037) (432ms)
  ok 111 [chrome] › features.spec.mjs:577:1 › Escape leaves an Interactive cell and the grid keeps the keyboard (KB-22, ADR-0037) (335ms)
  ok 112 [chrome] › features.spec.mjs:588:1 › Space puts the caret in a Template cell's field, and Escape brings the keyboard back (KB-23/KB-24, ADR-0037) (559ms)
  ok 113 [chrome] › features.spec.mjs:605:1 › a held Space fires a one-action cell once (KB-26, ADR-0037) (409ms)
  ok 114 [chrome] › features.spec.mjs:619:1 › holding Space to enter a cell fires nothing (KB-26, ADR-0037) (408ms)
  ok 115 [chrome] › features.spec.mjs:633:1 › Shift+Tab from after the grid lands on the root, not on a button inside it (A11Y-17, ADR-0037) (293ms)
  ok 116 [chrome] › features.spec.mjs:655:1 › the chosen action is outlined, with and without forced colors (UX-14, ADR-0029/0037) (635ms)
  ok 117 [chrome] › features.spec.mjs:671:1 › a press dragged off an action leaves no button holding the keyboard, and Enter fires nothing (KB-27, ADR-0020/0037) (679ms)
  ok 118 [chrome] › find.spec.mjs:28:9 › under the builtin Chrome › Ctrl+F opens the grid's panel, the keys typed after it land in its field, and Enter steps (FD-1/FD-3/FD-5, ADR-0055) (682ms)
  ok 119 [chrome] › find.spec.mjs:52:9 › under the builtin Chrome › a capital and a Shift+Enter typed straight after Ctrl+F keep their meaning (ADR-0055/0010, ED-22) (530ms)
  ok 120 [chrome] › find.spec.mjs:65:9 › under the builtin Chrome › a match beyond the painted rows is reached and revealed (FD-5, ADR-0055) (626ms)
  ok 121 [chrome] › find.spec.mjs:77:9 › under the builtin Chrome › with a range selected, Find searches it and the selection stands (FD-4/FD-5, ADR-0055) (500ms)
  ok 122 [chrome] › find.spec.mjs:92:9 › under the builtin Chrome › nothing found is said, in a live region (FD-6, ADR-0055) (209ms)
  ok 123 [chrome] › find.spec.mjs:103:9 › under the builtin Chrome › Ctrl+F in the find field selects its text, and the browser's find stays shut (FD-1, ADR-0055) (168ms)
  ok 124 [chrome] › find.spec.mjs:117:9 › under the builtin Chrome › Ctrl+F in a column's popover opens Find in its place (FD-1, ADR-0055) (276ms)
  ok 125 [chrome] › find.spec.mjs:130:9 › under the builtin Chrome › Ctrl+F in the Context Menu, and in the filter's text field, opens Find in its place (FD-1, ADR-0055) (502ms)
  ok 126 [chrome] › find.spec.mjs:153:9 › under the builtin Chrome › a Ctrl+F typed straight after Alt+Down opens Find, and the letters after it land in its field (FD-1, ED-22, ADR-0055) (277ms)
  ok 127 [chrome] › find.spec.mjs:167:9 › under the builtin Chrome › Escape closes the panel and hands the keyboard back to the grid (FD-3, ADR-0055) (367ms)
  ok 128 [chrome] › find.spec.mjs:28:9 › under the mud Chrome › Ctrl+F opens the grid's panel, the keys typed after it land in its field, and Enter steps (FD-1/FD-3/FD-5, ADR-0055) (618ms)
  ok 129 [chrome] › find.spec.mjs:52:9 › under the mud Chrome › a capital and a Shift+Enter typed straight after Ctrl+F keep their meaning (ADR-0055/0010, ED-22) (482ms)
  ok 130 [chrome] › find.spec.mjs:65:9 › under the mud Chrome › a match beyond the painted rows is reached and revealed (FD-5, ADR-0055) (611ms)
  ok 131 [chrome] › find.spec.mjs:77:9 › under the mud Chrome › with a range selected, Find searches it and the selection stands (FD-4/FD-5, ADR-0055) (502ms)
  ok 132 [chrome] › find.spec.mjs:92:9 › under the mud Chrome › nothing found is said, in a live region (FD-6, ADR-0055) (342ms)
  ok 133 [chrome] › find.spec.mjs:103:9 › under the mud Chrome › Ctrl+F in the find field selects its text, and the browser's find stays shut (FD-1, ADR-0055) (273ms)
  ok 134 [chrome] › find.spec.mjs:117:9 › under the mud Chrome › Ctrl+F in a column's popover opens Find in its place (FD-1, ADR-0055) (318ms)
  ok 135 [chrome] › find.spec.mjs:130:9 › under the mud Chrome › Ctrl+F in the Context Menu, and in the filter's text field, opens Find in its place (FD-1, ADR-0055) (525ms)
  ok 136 [chrome] › find.spec.mjs:153:9 › under the mud Chrome › a Ctrl+F typed straight after Alt+Down opens Find, and the letters after it land in its field (FD-1, ED-22, ADR-0055) (269ms)
  ok 137 [chrome] › find.spec.mjs:167:9 › under the mud Chrome › Escape closes the panel and hands the keyboard back to the grid (FD-3, ADR-0055) (353ms)
  ok 138 [chrome] › find.spec.mjs:180:1 › Tab stays inside the find panel (FD-8, ADR-0055/0039) (317ms)
  ok 139 [chrome] › find.spec.mjs:195:1 › the find panel stands inside the grid's box (FD-8, ADR-0055/0040) (241ms)
  ok 140 [chrome] › find.spec.mjs:212:1 › a grid with nothing to search takes Ctrl+F and opens nothing (FD-1/FD-2, ADR-0055) (294ms)
  ok 141 [chrome] › find.spec.mjs:227:1 › in the Cell Editor Ctrl+F does nothing (FD-1, ADR-0055) (308ms)
  ok 142 [chrome] › gestures.spec.mjs:21:1 › a leaf drag reorders within its group and clamps at its edge (HG-14/HG-15) (624ms)
  ok 143 [chrome] › gestures.spec.mjs:40:1 › grabbing a group rectangle moves the whole group (HG-14) (231ms)
  ok 144 [chrome] › gestures.spec.mjs:55:1 › a resize drag with a real mouse applies on release (ADR-0016) (267ms)
  ok 145 [chrome] › gestures.spec.mjs:71:1 › a drag past MaxWidth is recorded as it came and painted at that width (ADR-0016, FN-12) (353ms)
  ok 146 [chrome] › gestures.spec.mjs:88:1 › pasting onto an off-screen selection works, and the indicator showed first (PST-3) (492ms)
  ok 147 [chrome] › gestures.spec.mjs:109:1 › a ~10MB paste parses without freezing the grid (PST-5, PST-6 recorded, ADR-0052) (2.5s)
  ok 148 [chrome] › gestures.spec.mjs:142:1 › the focus outline holds 3:1 against the cell ground under the default theme (UX-9) (245ms)
  ok 149 [chrome] › gestures.spec.mjs:167:1 › narrowing the scrollbar by token changes the gutter and the geometry follows (UX-10) (383ms)
  ok 150 [chrome] › gestures.spec.mjs:203:1 › a composing IME keydown is never taken (ED-11, the listener guard) (150ms)
  ok 151 [chrome] › harness.spec.mjs:32:1 › a spec file boots its app once, at the index (ADR-0056) (456ms)
  ok 152 [chrome] › harness.spec.mjs:40:1 › the next test mounts its page afresh on the same document (ADR-0056) (139ms)
  ok 153 [chrome] › harness.spec.mjs:47:1 › what a test changed through the harness is put back when it ends (ADR-0056) (143ms)
  ok 154 [chrome] › harness.spec.mjs:78:1 › the next test finds none of it (ADR-0056) (190ms)
  ok 155 [chrome] › harness.spec.mjs:108:9 › a change made behind the harness's back is named, and the page is not handed on (ADR-0056) › a native stubbed with page.evaluate (119ms)
  ok 156 [chrome] › harness.spec.mjs:115:5 › a change made behind the harness's back is named, and the page is not handed on (ADR-0056) › after it, the next test has a document of its own (454ms)
  ok 157 [chrome] › harness.spec.mjs:123:9 › a change made behind the harness's back is named, and the page is not handed on (ADR-0056) › a native stubbed on its instance rather than its prototype (189ms)
  ok 158 [chrome] › harness.spec.mjs:134:9 › a change made behind the harness's back is named, and the page is not handed on (ADR-0056) › an element left in the head (408ms)
  ok 159 [chrome] › harness.spec.mjs:148:9 › a change made behind the harness's back is named, and the page is not handed on (ADR-0056) › an attribute left on the grid's parent (422ms)
  ok 160 [chrome] › harness.spec.mjs:156:9 › a change made behind the harness's back is named, and the page is not handed on (ADR-0056) › a rule inserted into a stylesheet, which the markup does not show (427ms)
  ok 161 [chrome] › harness.spec.mjs:164:9 › a change made behind the harness's back is named, and the page is not handed on (ADR-0056) › a global left on window (409ms)
  ok 162 [chrome] › harness.spec.mjs:171:1 › a test that leaves a key held hands no page on (ADR-0056) (322ms)
  ok 163 [chrome] › harness.spec.mjs:177:1 › after it, the next test boots, with no key held (ADR-0056) (378ms)
  ok 164 [chrome] › harness.spec.mjs:186:1 › a test that leaves a mouse button held hands no page on (ADR-0056) (124ms)
  ok 165 [chrome] › harness.spec.mjs:193:1 › after it too, the next test boots (ADR-0056) (413ms)
  x  166 [chrome] › harness.spec.mjs:199:1 › a test whose console reports an error hands no page on (ADR-0056) (155ms)
  ok 167 [chrome] › harness.spec.mjs:206:1 › after that, the next test boots (ADR-0056) (407ms)
  x  168 [chrome] › harness.spec.mjs:212:1 › a test that fails hands no page on (ADR-0056) (67ms)
  ok 169 [chrome] › harness.spec.mjs:219:1 › after a failure, the next test boots (ADR-0056) (416ms)
  ok 170 [chrome] › harness.spec.mjs:227:5 › a test that asks for a document of its own loads its page for real (ADR-0056) (274ms)
  ok 171 [chrome] › inspector-edits.spec.mjs:44:1 › RI-16: an approval from the inspector reaches the grid as a new instance, and the inspector shows it without a banner (ADR-0003) (548ms)
  ok 172 [chrome] › inspector-edits.spec.mjs:56:1 › RI-17: a change elsewhere raises the banner with the new value, keeps the old one shown, and disables the actions until reloaded (315ms)
  ok 173 [chrome] › inspector-edits.spec.mjs:76:1 › RI-18: a row deleted elsewhere says so, and its inspector acts on nothing (241ms)
  ok 174 [chrome] › inspector-edits.spec.mjs:86:1 › RI-19: an approval pressed before the news of a change arrives is refused by the store, and says why (270ms)
  ok 175 [chrome] › inspector-edits.spec.mjs:109:1 › RI-24: a deletion stays said, whatever news about the trade arrives after it (368ms)
  ok 176 [chrome] › inspector-edits.spec.mjs:125:1 › RI-25: an inspector opened while news is held back shows what the grid showed, and learns of the change when it is announced (311ms)
  ok 177 [chrome] › inspector-edits.spec.mjs:137:1 › RI-20: a note records the version it was written against, and is marked once the trade has moved on (368ms)
  ok 178 [chrome] › inspector-edits.spec.mjs:154:1 › RI-21: the inspector follows its trade by key when an approval moves it under the sort (340ms)
  -  179 [chrome] › inspector-edits.spec.mjs:171:1 › RI-22: on WebAssembly the page says there is nobody to share the store with
  ok 180 [chrome] › inspector-edits.spec.mjs:177:1 › RI-23: on the Server host, an approval in another tab raises the banner in this one (ADR-0018) (593ms)
  ok 181 [chrome] › inspectors.spec.mjs:88:5 › RI-4: modal, by click, handler returning once the dialog is shown: the keyboard is in the inspector, and back in the grid when it closes (ADR-0020/0037) (1.0s)
  ok 182 [chrome] › inspectors.spec.mjs:105:5 › RI-26: modal, by click from outside the grid, handler returning once the dialog is shown: closing gives the keyboard back to where it was, not to the grid (ADR-0037) (744ms)
  ok 183 [chrome] › inspectors.spec.mjs:116:5 › RI-5: modal, by Space, handler returning once the dialog is shown: the keyboard is in the inspector (ADR-0020/0037) (717ms)
  ok 184 [chrome] › inspectors.spec.mjs:88:5 › RI-4: modal, by click, handler awaiting the dialog's result: the keyboard is in the inspector, and back in the grid when it closes (ADR-0020/0037) (609ms)
  ok 185 [chrome] › inspectors.spec.mjs:105:5 › RI-26: modal, by click from outside the grid, handler awaiting the dialog's result: closing gives the keyboard back to where it was, not to the grid (ADR-0037) (709ms)
  ok 186 [chrome] › inspectors.spec.mjs:116:5 › RI-5: modal, by Space, handler awaiting the dialog's result: the keyboard is in the inspector (ADR-0020/0037) (634ms)
  ok 187 [chrome] › inspectors.spec.mjs:124:1 › RI-6: floating, by click: the keyboard is in the inspector just opened (ADR-0020/0037) (946ms)
  ok 188 [chrome] › inspectors.spec.mjs:136:1 › RI-7: floating, by Space: the keyboard is in the inspector (ADR-0020/0037) (676ms)
  ok 189 [chrome] › inspectors.spec.mjs:144:1 › RI-8: floating: a row whose inspector is open brings it to the front instead of opening another (449ms)
  ok 190 [chrome] › inspectors.spec.mjs:157:1 › RI-9: floating: an inspector is dragged by its title bar, and closes on its own (521ms)
  ok 191 [chrome] › inspectors.spec.mjs:183:1 › RI-10: the marked rows open as inspectors, one each, and the count names the ones outside the filter (ADR-0043) (475ms)
  ok 192 [chrome] › inspectors.spec.mjs:202:1 › RI-11: the marks survive a sort, so the rows opened are the rows ticked (ADR-0043) (361ms)
  ok 193 [chrome] › inspectors.spec.mjs:217:1 › RI-12: above the cap the marked rows are refused by count, and nothing opens (376ms)
  ok 194 [chrome] › inspectors.spec.mjs:230:1 › RI-13: modal: the marked rows open one after another, and Escape ends the queue (1.4s)
  ok 195 [chrome] › inspectors.spec.mjs:255:1 › RI-14: Enter on the Inspect cell moves down and opens nothing (ADR-0020) (619ms)
  ok 196 [chrome] › inspectors.spec.mjs:266:1 › RI-15: while a modal inspector stands, the grid behind it cannot be pressed (727ms)
  ok 197 [chrome] › marks.spec.mjs:41:1 › after "mark all", rows scrolled to far away paint ticked (MK-6) (845ms)
  ok 198 [chrome] › marks.spec.mjs:56:1 › a filter keeps the marks and names the ones outside it (MK-7) (472ms)
  ok 199 [chrome] › marks.spec.mjs:72:1 › Space in the Mark Column brings the selected rows into line (MK-1) (318ms)
  ok 200 [chrome] › marks.spec.mjs:95:1 › a row arriving after "mark all" is not marked, and the header turns to "some" (MK-8) (343ms)
  ok 201 [chrome] › marks.spec.mjs:106:1 › an action over a mark whose row was deleted elsewhere reports it as gone (ADR-0043) (284ms)
  -  202 [chrome] › measure.spec.mjs:32:1 › what the pointer reports cost on a circuit, at 0, 50 and 150 ms round trip (SRV-6)
  -  203 [chrome] › measure.spec.mjs:111:1 › how long the stale band stands while the window is dragged over a Stretch grid, at 0, 50 and 150 ms round trip (§21.9, ADR-0028)
  ok 204 [chrome] › memory.spec.mjs:82:1 › mounting and disposing the grid fifty times returns nodes and listeners to baseline (MEM-2) (5.9s)
  ok 205 [chrome] › memory.spec.mjs:117:1 › disposal takes the module's listeners off the root, and the count comes back (MEM-4) (535ms)
  -  206 [chrome] › memory.spec.mjs:159:1 › a ten-minute scripted scroll does not grow the JS heap (MEM-5, MEM-6)
  ok 207 [chrome] › mud-app.spec.mjs:111:1 › WR-7: a grid in a tab that was hidden paints correctly once its tab is shown (ADR-0028) (1.1s)
  ok 208 [chrome] › mud-app.spec.mjs:165:1 › WR-7: a Drawer toggle resizes the Stretch grid and its geometry follows (ADR-0028) (1.6s)
  ok 209 [chrome] › mud-app.spec.mjs:227:1 › WR-7: the two grids on the main area stay independent (DOM-4, ADR-0018, ADR-0052) (417ms)
  ok 210 [chrome] › mud-app.spec.mjs:274:1 › WR-7: the toolbar's MudSelect and the grids never interfere (ADR-0018/0039/0052) (793ms)
  ok 211 [chrome] › mud-app.spec.mjs:335:1 › WR-7: a grid in a MudDialog opens its popovers whole inside its box, and its Inner Popups above the dialog (ADR-0040/0039) (1.0s)
  ok 212 [chrome] › mud-app.spec.mjs:401:1 › WR-9: the application's own controls — theme, tabs, dialog — keep the console clean (CON-1/2/3/6) (773ms)
  ok 213 [chrome] › mud-app.spec.mjs:420:1 › WR-5 (setup): /features?chrome=mud runs its grids under MudGridChrome, and the column menu opens (FN-17, UX-11) (477ms)
  ok 214 [chrome] › mud-app.spec.mjs:447:1 › WR-6: Striped paints the palette's table-stripe colour in both schemes, and a switch re-renders no row (ADR-0038/0030, RR-1) (345ms)
  ok 215 [chrome] › mud.spec.mjs:41:1 › the painted geometry equals the declared metrics under the real Wrapper stylesheet (UX-3) (572ms)
  ok 216 [chrome] › mud.spec.mjs:62:1 › nothing under the Viewport transitions or animates with the Wrapper loaded (UX-6) (148ms)
  ok 217 [chrome] › mud.spec.mjs:80:1 › the focus outline and the selection fill stay visible under the Wrapper theme, light and dark (UX-9) (287ms)
  ok 218 [chrome] › mud.spec.mjs:110:1 › a loss is painted in the palette's error colour by the Consumer's tone rule, and only there (ADR-0006, FN-7a) (159ms)
  ok 219 [chrome] › mud.spec.mjs:132:1 › a theme switch re-renders nothing inside the grid: the rows are the same elements (RR-1) (234ms)
  ok 220 [chrome] › mud.spec.mjs:150:1 › the row under the pointer is highlighted by an overlay band, in the hovered instance only (UX-13) (409ms)
  ok 221 [chrome] › mud.spec.mjs:175:1 › the Wrapper's editor opens inside the core's box with the typed character, and commits (ED-4, ADR-0030) (436ms)
  ok 222 [chrome] › mud.spec.mjs:206:1 › the loading bar is a MudProgressLinear where the core places its seam, only while loading (317ms)
  ok 223 [chrome] › mud.spec.mjs:218:1 › the paper's corners: rounded with an inset, square flush; the grid's own box is untouched (277ms)
  ok 224 [chrome] › navigation.spec.mjs:33:1 › RI-1: the index at / lists every routed page, once (380ms)
  ok 225 [chrome] › navigation.spec.mjs:47:1 › RI-2: the Row Identity demo that was at / is at /identity (157ms)
  ok 226 [chrome] › navigation.spec.mjs:54:1 › RI-3: every page opens from the index, names itself, and leads back to it (clean console) (2.8s)
  ok 227 [chrome] › observational.spec.mjs:133:5 › mount to first painted row at 10⁶ rows (BIG-7) (270ms)
  ok 228 [chrome] › observational.spec.mjs:146:1 › the DOM, the settle repaint and the frame intervals, virtualised and not (DOM-5, PF-6, BIG-6) (16.4s)
  ok 229 [chrome] › observational.spec.mjs:188:1 › a selection drag, one row a step, costs this much per step (PF-7) (2.2s)
  ok 230 [chrome] › popovers.spec.mjs:118:9 › under the builtin Chrome › a secondary click opens the grid's menu, not the browser's (CTX-1/CTX-5, ADR-0036) (452ms)
  ok 231 [chrome] › popovers.spec.mjs:144:9 › under the builtin Chrome › a secondary click outside the selection moves it first (CTX-1, ADR-0036) (226ms)
  ok 232 [chrome] › popovers.spec.mjs:155:9 › under the builtin Chrome › a Consumer command receives the clicked row and the selection (CTX-3, ADR-0036) (229ms)
  ok 233 [chrome] › popovers.spec.mjs:165:9 › under the builtin Chrome › the ContextMenu key opens it on the Focus (CTX-4, ADR-0036) (190ms)
  ok 234 [chrome] › popovers.spec.mjs:176:9 › under the builtin Chrome › popovers are not clipped by the scroll container and stay per instance (UX-11) (341ms)
  ok 235 [chrome] › popovers.spec.mjs:198:9 › under the builtin Chrome › a popover taller than its grid stays inside the grid's box and scrolls (UX-11, ADR-0040) (200ms)
  ok 236 [chrome] › popovers.spec.mjs:216:9 › under the builtin Chrome › Alt+↓ opens the Focus column's menu, and the menu takes the keyboard (KB-28/KB-29, ADR-0039) (243ms)
  ok 237 [chrome] › popovers.spec.mjs:227:9 › under the builtin Chrome › every popover takes the keyboard when it opens, by pointer or by key (KB-29, ADR-0039) (511ms)
  ok 238 [chrome] › popovers.spec.mjs:249:9 › under the builtin Chrome › a grid that goes while keys wait for its popover leaves nothing running (ADR-0010, CON-2) (241ms)
  ok 239 [chrome] › popovers.spec.mjs:269:9 › under the builtin Chrome › however a popover closes, the keyboard is back on the grid and the arrows move the Focus (KB-32, ADR-0039) (808ms)
  ok 240 [chrome] › popovers.spec.mjs:308:9 › under the builtin Chrome › in a menu the arrows, Home and End move among the enabled items and wrap (KB-30, ADR-0039) (651ms)
  ok 241 [chrome] › popovers.spec.mjs:336:13 › under the builtin Chrome › in a menu Enter runs the item and closes it (KB-30, ADR-0039) (366ms)
  ok 242 [chrome] › popovers.spec.mjs:336:13 › under the builtin Chrome › in a menu Space runs the item and closes it (KB-30, ADR-0039) (357ms)
  ok 243 [chrome] › popovers.spec.mjs:352:13 › under the builtin Chrome › over a filter, Tab on a command moves to the search box — nothing runs, nothing closes (FL-12, KB-30, ADR-0044) (335ms)
  ok 244 [chrome] › popovers.spec.mjs:352:13 › under the builtin Chrome › over a filter, Shift+Tab on a command moves to Cancel — nothing runs, nothing closes (FL-12, KB-30, ADR-0044) (382ms)
  ok 245 [chrome] › popovers.spec.mjs:370:9 › under the builtin Chrome › the Context Menu answers the same keys, and Tab closes it (KB-30, ADR-0039) (425ms)
  ok 246 [chrome] › popovers.spec.mjs:385:9 › under the builtin Chrome › Tab and Shift+Tab wrap through both halves of the popover (KB-31, FL-12, ADR-0044) (713ms)
  ok 247 [chrome] › popovers.spec.mjs:415:9 › under the builtin Chrome › the letters: S sorts, E goes to the search box where "e" is text, C clears (FL-15, FL-16, ADR-0044) (859ms)
  ok 248 [chrome] › popovers.spec.mjs:459:9 › under the builtin Chrome › on the value list the letters act too: E goes back to the search box, O sorts (FL-15, ADR-0044) (577ms)
  ok 249 [chrome] › popovers.spec.mjs:494:9 › under the builtin Chrome › where no value list stands, E goes to the condition's value, where a search is typed (FL-15, ADR-0044) (448ms)
  ok 250 [chrome] › popovers.spec.mjs:511:9 › under the builtin Chrome › E on a checkbox outside the value list holds nothing: a Space after it ticks at once (ADR-0010/0044) (691ms)
  ok 251 [chrome] › popovers.spec.mjs:542:9 › under the builtin Chrome › Enter in the value field applies exactly what OK applies (KB-31, ADR-0039) (914ms)
  ok 252 [chrome] › popovers.spec.mjs:551:9 › under the builtin Chrome › a pointer-down elsewhere in the instance dismisses a popover and keeps its own meaning (KB-17, ADR-0010/0039) (499ms)
  ok 253 [chrome] › popovers.spec.mjs:568:9 › under the builtin Chrome › a column's popover is a dialog holding a menu, both named by its header; the Context Menu a menu (A11Y-19, ADR-0039/0044) (382ms)
  ok 254 [chrome] › popovers.spec.mjs:118:9 › under the mud Chrome › a secondary click opens the grid's menu, not the browser's (CTX-1/CTX-5, ADR-0036) (213ms)
  ok 255 [chrome] › popovers.spec.mjs:144:9 › under the mud Chrome › a secondary click outside the selection moves it first (CTX-1, ADR-0036) (215ms)
  ok 256 [chrome] › popovers.spec.mjs:155:9 › under the mud Chrome › a Consumer command receives the clicked row and the selection (CTX-3, ADR-0036) (300ms)
  ok 257 [chrome] › popovers.spec.mjs:165:9 › under the mud Chrome › the ContextMenu key opens it on the Focus (CTX-4, ADR-0036) (310ms)
  ok 258 [chrome] › popovers.spec.mjs:176:9 › under the mud Chrome › popovers are not clipped by the scroll container and stay per instance (UX-11) (318ms)
  ok 259 [chrome] › popovers.spec.mjs:198:9 › under the mud Chrome › a popover taller than its grid stays inside the grid's box and scrolls (UX-11, ADR-0040) (216ms)
  ok 260 [chrome] › popovers.spec.mjs:216:9 › under the mud Chrome › Alt+↓ opens the Focus column's menu, and the menu takes the keyboard (KB-28/KB-29, ADR-0039) (302ms)
  ok 261 [chrome] › popovers.spec.mjs:227:9 › under the mud Chrome › every popover takes the keyboard when it opens, by pointer or by key (KB-29, ADR-0039) (567ms)
  ok 262 [chrome] › popovers.spec.mjs:249:9 › under the mud Chrome › a grid that goes while keys wait for its popover leaves nothing running (ADR-0010, CON-2) (299ms)
  ok 263 [chrome] › popovers.spec.mjs:269:9 › under the mud Chrome › however a popover closes, the keyboard is back on the grid and the arrows move the Focus (KB-32, ADR-0039) (920ms)
  ok 264 [chrome] › popovers.spec.mjs:308:9 › under the mud Chrome › in a menu the arrows, Home and End move among the enabled items and wrap (KB-30, ADR-0039) (916ms)
  ok 265 [chrome] › popovers.spec.mjs:336:13 › under the mud Chrome › in a menu Enter runs the item and closes it (KB-30, ADR-0039) (482ms)
  ok 266 [chrome] › popovers.spec.mjs:336:13 › under the mud Chrome › in a menu Space runs the item and closes it (KB-30, ADR-0039) (417ms)
  ok 267 [chrome] › popovers.spec.mjs:352:13 › under the mud Chrome › over a filter, Tab on a command moves to the search box — nothing runs, nothing closes (FL-12, KB-30, ADR-0044) (358ms)
  ok 268 [chrome] › popovers.spec.mjs:352:13 › under the mud Chrome › over a filter, Shift+Tab on a command moves to Cancel — nothing runs, nothing closes (FL-12, KB-30, ADR-0044) (358ms)
  ok 269 [chrome] › popovers.spec.mjs:370:9 › under the mud Chrome › the Context Menu answers the same keys, and Tab closes it (KB-30, ADR-0039) (468ms)
  ok 270 [chrome] › popovers.spec.mjs:385:9 › under the mud Chrome › Tab and Shift+Tab wrap through both halves of the popover (KB-31, FL-12, ADR-0044) (808ms)
  ok 271 [chrome] › popovers.spec.mjs:415:9 › under the mud Chrome › the letters: S sorts, E goes to the search box where "e" is text, C clears (FL-15, FL-16, ADR-0044) (917ms)
  ok 272 [chrome] › popovers.spec.mjs:459:9 › under the mud Chrome › on the value list the letters act too: E goes back to the search box, O sorts (FL-15, ADR-0044) (688ms)
  ok 273 [chrome] › popovers.spec.mjs:494:9 › under the mud Chrome › where no value list stands, E goes to the condition's value, where a search is typed (FL-15, ADR-0044) (383ms)
  ok 274 [chrome] › popovers.spec.mjs:511:9 › under the mud Chrome › E on a checkbox outside the value list holds nothing: a Space after it ticks at once (ADR-0010/0044) (744ms)
  ok 275 [chrome] › popovers.spec.mjs:542:9 › under the mud Chrome › Enter in the value field applies exactly what OK applies (KB-31, ADR-0039) (1.1s)
  ok 276 [chrome] › popovers.spec.mjs:551:9 › under the mud Chrome › a pointer-down elsewhere in the instance dismisses a popover and keeps its own meaning (KB-17, ADR-0010/0039) (698ms)
  ok 277 [chrome] › popovers.spec.mjs:568:9 › under the mud Chrome › a column's popover is a dialog holding a menu, both named by its header; the Context Menu a menu (A11Y-19, ADR-0039/0044) (392ms)
  ok 278 [chrome] › popovers.spec.mjs:617:5 › Inner Popups under the mud Chrome › an Inner Popup is drawn outside the root, and opening it disturbs neither grid (FN-21) (406ms)
  ok 279 [chrome] › popovers.spec.mjs:643:9 › Inner Popups under the mud Chrome › a pointer-down elsewhere in the instance closes the operator list and the panel, and keeps its meaning (FN-21, ModalOverlay off) (471ms)
  ok 280 [chrome] › popovers.spec.mjs:643:9 › Inner Popups under the mud Chrome › a pointer-down elsewhere in the instance closes the date calendar and the panel, and keeps its meaning (FN-21, ModalOverlay off) (572ms)
  ok 281 [chrome] › popovers.spec.mjs:671:9 › Inner Popups under the mud Chrome › Escape closes the operator list first, and the next Escape the panel (FN-21, KB-32) (525ms)
  ok 282 [chrome] › popovers.spec.mjs:671:9 › Inner Popups under the mud Chrome › Escape closes the date calendar first, and the next Escape the panel (FN-21, KB-32) (553ms)
  ok 283 [chrome] › popovers.spec.mjs:693:5 › Inner Popups under the mud Chrome › under ModalOverlay the press is the overlay's: only the Inner Popup closes, and Escape then closes the panel (FN-21) (651ms)
  ok 284 [chrome] › popovers.spec.mjs:718:5 › Inner Popups under the mud Chrome › choosing from an Inner Popup keeps the panel, and applying hands the keyboard back to the root (FN-21, KB-32) (516ms)
  ok 285 [chrome] › presentation.spec.mjs:17:1 › geometry tokens are inline and read-only: an ancestor or stylesheet cannot move them (UX-2) (452ms)
  ok 286 [chrome] › presentation.spec.mjs:45:1 › the painted heights equal the declared metrics exactly (UX-3, ST-3) (197ms)
  ok 287 [chrome] › presentation.spec.mjs:62:1 › a Visual Token set on an ancestor recolours the paint (UX-5, the paint half) (103ms)
  ok 288 [chrome] › presentation.spec.mjs:78:1 › nothing inside the Viewport transitions or animates (UX-6) (207ms)
  ok 289 [chrome] › presentation.spec.mjs:94:1 › forced colors keep every Cell State and Row Kind tellable (UX-7, on /cells) (177ms)
  ok 290 [chrome] › presentation.spec.mjs:120:1 › under a dark scheme the untouched grid stays readable (UX-8) (294ms)
  ok 291 [chrome] › presentation.spec.mjs:143:1 › inside an RTL ancestor the grid stays an LTR island (DIR-2/DIR-3) (421ms)
  ok 292 [chrome] › presentation.spec.mjs:181:1 › a Header Group label is centred, and nothing aligns it vertically (HG-13, ADR-0032) (170ms)
  ok 293 [chrome] › presentation.spec.mjs:198:1 › the editor's box is exactly the cell's (ED-9) (399ms)
  ok 294 [chrome] › presentation.spec.mjs:218:1 › the pointer leaving the grid stops the auto-scroll (SL-14/SL-15) (1.8s)
  ok 295 [chrome] › presentation.spec.mjs:245:1 › the Blazor error UI never appears (CON-5) (201ms)
  ok 296 [chrome] › scrollbar.spec.mjs:227:5 › the Focus is never behind a scrollbar (ADR-0012/0013) › with the platform's own scrollbars (672ms)
  ok 297 [chrome] › scrollbar.spec.mjs:237:5 › the Focus is never behind a scrollbar (ADR-0012/0013) › with scrollbars that occupy layout (377ms)
  ok 298 [chrome] › scrollbar.spec.mjs:263:5 › the Focus is never behind a scrollbar (ADR-0012/0013) › at every zoom level, after moving again (1.0s)
  ok 299 [chrome] › scrollbar.spec.mjs:342:5 › on a Windows desktop at fractional display scaling (VZ-14) › the Focus stays readable with the OS doing the scaling (518ms)
  ok 300 [chrome] › sheet-vs-excel.spec.mjs:125:1 › item 1: Ctrl+Down stops at each block edge, then the last row (ADR-0050 §2, ticket 07) (6.4s)
  ok 301 [chrome] › sheet-vs-excel.spec.mjs:156:1 › item 2: Ctrl+Shift+Right from inside a row block selects to its end, then to the last column (ADR-0050 §2, ADR-0052, ticket 07) (3.2s)
  ok 302 [chrome] › sheet-vs-excel.spec.mjs:178:1 › item 3: a column letter selects the column, Shift+click extends, the Focus on the top visible row (ADR-0050 §1, ADR-0052, ticket 06) (957ms)
  ok 303 [chrome] › sheet-vs-excel.spec.mjs:199:1 › item 4: a row number selects the row, Shift+click extends, the Focus in the first column on screen (ADR-0050 §1, ADR-0052, ticket 06) (768ms)
  ok 304 [chrome] › sheet-vs-excel.spec.mjs:214:1 › item 5: the corner selects every cell, the Focus on the top-left visible cell (ADR-0050 §1, ADR-0052, ticket 06) (766ms)
  ok 305 [chrome] › sheet-vs-excel.spec.mjs:246:1 › active cell, case 1: Shift+arrows move the far corner, the Focus stays, and the view follows the Extent (ADR-0052) (7.1s)
  ok 306 [chrome] › sheet-vs-excel.spec.mjs:261:1 › active cell, case 2: while a drag is held the Name Box shows 4R x 3C, and D5 stays active after D5 to B2 (ADR-0052) (700ms)
  ok 307 [chrome] › sheet-vs-excel.spec.mjs:274:1 › active cell, case 3: after Enter, Shift+arrow moves the edge opposite the Focus, and nothing from the middle (ADR-0052) (2.2s)
  ok 308 [chrome] › sheet-vs-excel.spec.mjs:300:1 › active cell, case 6: Ctrl+click on the active cell takes it out and the first remaining cell of the range made last is active (ADR-0052) (1.1s)
  ok 309 [chrome] › sheet-vs-excel.spec.mjs:313:1 › active cell, cases 7 and 8: Ctrl+. walks the corners, Ctrl+Backspace scrolls back to the Focus, Shift+Backspace collapses (ADR-0052) (2.1s)
  ok 310 [chrome] › sheet-vs-excel.spec.mjs:335:1 › active cell, cases 12 and 13: typing enters the Focus only, and Ctrl+Enter fills the Selection and moves nothing (ADR-0052) (1.5s)
  ok 311 [chrome] › sheet-vs-excel.spec.mjs:354:1 › item 6: the Name Box selects what it is given and scrolls only as far as it must (ADR-0050, ticket 09) (827ms)
  ok 312 [chrome] › sheet-vs-excel.spec.mjs:377:1 › item 7: in Enter mode an arrow key commits and moves (ADR-0012, ticket 08) (1.1s)
  ok 313 [chrome] › sheet-vs-excel.spec.mjs:390:1 › item 8: F2 on a Formula shows it with the caret at the end, and the arrows move the caret (ADR-0051, ticket 08) (1.3s)
  ok 314 [chrome] › sheet-vs-excel.spec.mjs:409:1 › item 9: Point mode by keys writes each Reference as the pointer moves (ADR-0051, ticket 11) (1.1s)
  ok 315 [chrome] › sheet-vs-excel.spec.mjs:427:1 › item 10: Point mode by mouse writes the clicked cell, then the dragged range (ADR-0051, ticket 11) (745ms)
  ok 316 [chrome] › sheet-vs-excel.spec.mjs:445:1 › item 11: F2 while pointing turns the arrows back to the caret (ADR-0051, ticket 11) (1.1s)
  ok 317 [chrome] › sheet-vs-excel.spec.mjs:458:1 › item 12: typing = in the Formula Bar and pressing Down does not point (ADR-0051, ticket 11) (691ms)
  ok 318 [chrome] › sheet-vs-excel.spec.mjs:467:1 › item 13: completion lists candidates, Tab takes one with its parenthesis, Escape closes only the list (ADR-0051, ticket 10) (1.4s)
  ok 319 [chrome] › sheet-vs-excel.spec.mjs:490:1 › item 14: the argument hint names every argument and marks the current one (ADR-0051, ticket 10) (832ms)
  ok 320 [chrome] › sheet-vs-excel.spec.mjs:502:1 › item 15: Escape in the Formula Bar cancels the edit and gives the keys back to the grid (ADR-0051, ticket 09) (977ms)
  -  321 [chrome] › sheet-vs-excel.spec.mjs:517:12 › item 16: a copied Formula pastes with its relative References shifted (ADR-0048, ticket 14)
  -  322 [chrome] › sheet-vs-excel.spec.mjs:527:12 › item 17: a 3×3 block pasted onto one cell fills 3×3 and becomes the Selection (ADR-0050, ticket 14)
  -  323 [chrome] › sheet-vs-excel.spec.mjs:540:6 › item 18: cells from Excel, and to Excel (ADR-0048, ticket 14)
  -  324 [chrome] › sheet-vs-excel.spec.mjs:553:12 › item 19: pasted text =A1+1 is a Formula (ADR-0048, ticket 14)
  -  325 [chrome] › sheet-vs-excel.spec.mjs:558:12 › item 19: pasted text 1,234 is 1234 formatted #,##0, as Excel takes it (ADR-0048, ticket 14)
  -  326 [chrome] › sheet-vs-excel.spec.mjs:563:12 › item 19 and Part A item 10: pasted text =1+ is taken as that text (ADR-0048, ticket 14)
  ok 327 [chrome] › sheet-vs-excel.spec.mjs:569:1 › fourth run, active cell item 3: one value of plain text over a range goes into its top-left alone, and the Selection collapses to it (ADR-0014, amended 2026-09-29) (850ms)
  ok 328 [chrome] › sheet-vs-excel.spec.mjs:590:1 › one cell copied inside the Sheet still fills the whole range, as Excel's own copy does (ADR-0014, amended 2026-09-29) (1.0s)
  ok 329 [chrome] › sheet-vs-excel.spec.mjs:610:1 › item 20: the fill handle continues a series, and leaves source and target selected (ADR-0050 item 5, ADR-0052, ticket 15) (2.0s)
  ok 330 [chrome] › sheet-vs-excel.spec.mjs:621:1 › item 20: one number is copied, one date goes on by day, a Formula shifts (ADR-0050, ticket 15) (3.5s)
  ok 331 [chrome] › sheet-vs-excel.spec.mjs:636:1 › item 20: 1, 2, 4 continue as Excel's trend, to the 15 digits Excel keeps (ADR-0050, ticket 15) (2.7s)
  ok 332 [chrome] › sheet-vs-excel.spec.mjs:648:1 › item 20: a series filled up goes backwards, and the Focus stays on the source (ADR-0050, ADR-0052, ticket 15) (2.0s)
  ok 333 [chrome] › sheet-vs-excel.spec.mjs:661:1 › item 20: text in two cells filled left repeats backwards (ADR-0050, ticket 15) (1.9s)
  ok 334 [chrome] › sheet-vs-excel.spec.mjs:672:1 › item 20: Item 1, Mon and a date with a time are refused, by decision (ADR-0050) (3.4s)
  ok 335 [chrome] › sheet-vs-excel.spec.mjs:684:1 › item 21: with several ranges selected there is no fill handle (ADR-0050, ticket 15) (651ms)
  ok 336 [chrome] › sheet-vs-excel.spec.mjs:694:1 › item 22: inserting rows above a selected range keeps the Selection where it was, and the Focus (ADR-0046, ADR-0052, ticket 13) (784ms)
  ok 337 [chrome] › sheet-vs-excel.spec.mjs:706:1 › item 23: deleting a row a Formula references writes #REF! in its place (ADR-0046, ticket 13) (1.6s)
  -  338 [chrome] › sheet-vs-excel.spec.mjs:722:6 › item 24: a rename is undone by Ctrl+Z, as Excel undoes it (ADR-0048, ticket 12)
  ok 339 [chrome] › sheet-vs-excel.spec.mjs:730:1 › item 25: a long text is cut with an ellipsis, by decision; Excel lets it run over (ADR-0046) (671ms)
  ok 340 [chrome] › sheet-vs-excel.spec.mjs:738:1 › item 26: a number too wide for its column shows #### (ADR-0016) (883ms)
  ok 341 [chrome] › sheet-vs-excel.spec.mjs:748:1 › item 27: every cell of a cycle and its dependents is #CIRC!, by decision; Excel shows 0 (ADR-0047) (1.6s)
  ok 342 [chrome] › sheet.spec.mjs:32:1 › SH-18: an Entry and a Formula typed into cells commit, compute and move the Focus down (3.3s)
  ok 343 [chrome] › sheet.spec.mjs:56:1 › SH-18/DC-7: Ctrl+arrow stops at the end of each block, Ctrl+Shift+arrow extends to it (3.7s)
  ok 344 [chrome] › sheet.spec.mjs:81:1 › SH-18/DC-2/DC-3: a column heading, a Row Heading and the corner select, and nothing sorts (2.5s)
  ok 345 [chrome] › sheet.spec.mjs:138:1 › DC-3: the Row Headings stay at the left edge while the Sheet scrolls sideways (2.1s)
  ok 346 [chrome] › sheet.spec.mjs:174:1 › SH-18/DC-11: the Name Box takes the Focus to an address, scrolled into view (2.6s)
  ok 347 [chrome] › sheet.spec.mjs:198:1 › SH-18/DC-11: the Name Box pressed with an edit open commits it, then navigates (2.6s)
  ok 348 [chrome] › sheet.spec.mjs:227:1 › SH-18/DC-22: the Formula Bar and the Cell Editor are one text; each commits and cancels once (2.8s)
  ok 349 [chrome] › sheet.spec.mjs:270:1 › SH-18: inserting a row keeps every Reference naming its cell, and one Ctrl+Z restores it (2.5s)
  ok 350 [chrome] › sheet.spec.mjs:306:1 › SH-5/SH-18: deleting a row rewrites the References below it, a deleted target is #REF!, and one Ctrl+Z restores it (2.7s)
  ok 351 [chrome] › sheet.spec.mjs:345:1 › SH-5/SH-18: inserting a column rewrites every Reference across it, and one Ctrl+Z restores it (2.5s)
  ok 352 [chrome] › sheet.spec.mjs:377:1 › SH-5/SH-18: deleting a column makes a Reference to it #REF!, and one Ctrl+Z restores it (2.3s)
  ok 353 [chrome] › sheet.spec.mjs:405:1 › SH-16/SH-18: the Linked Table reads #GETTING_DATA until its first snapshot, then the values (3.9s)
  ok 354 [chrome] › sheet.spec.mjs:420:1 › SH-2: the Focus reaches XFD1048576 and the DOM does not grow with the extent (2.9s)
  ok 355 [chrome] › sheets.spec.mjs:24:1 › SH-13/DC-25: typing and Formulas stay in the Sheet that has the keyboard (1.0s)
  ok 356 [chrome] › sheets.spec.mjs:46:1 › SH-13: each Sheet keeps its own undo stack (975ms)
  ok 357 [chrome] › sheets.spec.mjs:68:1 › ADR-0018: a completion list, a pointing outline and the Formula Bar belong to one Sheet (920ms)
  ok 358 [chrome] › sheets.spec.mjs:110:1 › ADR-0018: a Context Menu opens in the Sheet it was asked of, and its command acts there (284ms)
  ok 359 [chrome] › sheets.spec.mjs:129:1 › ADR-0018: a Sheet the user has pressed keeps the keyboard when the other one finishes a cancel late (2.7s)
  ok 360 [chrome] › sizing.spec.mjs:47:1 › a sorted Auto header and a Japanese Auto header paint whole (FN-12d, ADR-0016) (513ms)
  ok 361 [chrome] › sizing.spec.mjs:53:1 › a Japanese header double-clicked to fit paints whole at its fitted width (FN-12d, ADR-0016) (323ms)
  ok 362 [chrome] › sizing.spec.mjs:62:1 › a bold total the estimate fits paints whole, and a #### run fits its cell (FN-12e, ADR-0016) (444ms)
  ok 363 [chrome] › sizing.spec.mjs:77:1 › a double-click on an edge fits a value the Viewport has not painted (FN-12a, ADR-0016) (690ms)
  ok 364 [chrome] › sizing.spec.mjs:93:1 › a press on an edge that does not move reports no width and sorts nothing (FN-12b, ADR-0016) (219ms)
  ok 365 [chrome] › sizing.spec.mjs:101:1 › Shift+click on a header selects whole columns and does not sort (SR-2a, ADR-0012) (306ms)
  ok 366 [chrome] › sizing.spec.mjs:110:1 › dragging the edge of one of several whole columns resizes them all (FN-12c, ADR-0016) (394ms)
  ok 367 [chrome] › sizing.spec.mjs:125:1 › columns narrower than a wide box are not stretched, and a resize changes no column width (UX-11b, ADR-0045) (251ms)
  ok 368 [chrome] › sizing.spec.mjs:145:1 › a window narrower than the pinned block suspends pinning, and widening restores it (FN-6a, ADR-0045) (608ms)
  ok 369 [chrome] › stretch.spec.mjs:26:5 › in parents with a definite height › a sized box: the grid is the box, rows reach its bottom, and the DOM is the box's (VZ-12a, ADR-0028) (575ms)
  ok 370 [chrome] › stretch.spec.mjs:38:5 › in parents with a definite height › the rest of a flex column: the grid starts under the toolbar and ends with the column (VZ-12a, ADR-0028) (256ms)
  ok 371 [chrome] › stretch.spec.mjs:47:5 › in parents with a definite height › inside the paper: the Stretch grid takes what the toolbar leaves; a declared grid is unchanged (WR-7a, ADR-0030) (268ms)
  ok 372 [chrome] › stretch.spec.mjs:65:5 › in a parent with no height › nothing is painted and the grid names the parent (VZ-12b, ADR-0028) (706ms)
  ok 373 [chrome] › stretch.spec.mjs:80:5 › in a box that follows the window › the Viewport follows the window, both ways (VZ-12a, ADR-0028/0045) (378ms)
  ok 374 [chrome] › stretch.spec.mjs:88:5 › in a box that follows the window › a column that cannot be filtered shows its commands alone, and Tab closes them as a Cancel (KB-30, ADR-0039/0044) (385ms)
  ok 375 [chrome] › stretch.spec.mjs:106:5 › in a box that follows the window › a column menu with less than a row of room closes, and the keyboard is the grid's (UX-11a, ADR-0040) (449ms)
  ok 376 [chrome] › stripes.spec.mjs:65:1 › a pinned and a scrollable cell of one striped row paint the same ground (UX-15) (651ms)
  ok 377 [chrome] › stripes.spec.mjs:89:1 › a group or total row paints its own ground over the stripe and still counts (UX-16) (263ms)
  ok 378 [chrome] › stripes.spec.mjs:110:1 › a Cell State ground and the overlays paint over the stripe (UX-16) (499ms)
  ok 379 [chrome] › stripes.spec.mjs:134:1 › under forced colours no stripe is painted (UX-16) (219ms)
  ok 380 [chrome] › stripes.spec.mjs:151:1 › the vertical scrollbar paints a thumb in its gutter (ADR-0029, UX-10) (446ms)
  ok 381 [chrome] › virtualisation.spec.mjs:39:1 › the far corner is reachable and painted at 10⁶ rows (BIG-1) (1.0s)
  ok 382 [chrome] › virtualisation.spec.mjs:57:1 › the spacer is laid out as declared under the Layout Ceiling, and the last row ends flush (VZ-15) (424ms)
  ok 383 [chrome] › virtualisation.spec.mjs:112:1 › the element count is the same at 10³, 10⁵ and 10⁶ rows (VZ-1, BIG-2, DOM-1) (1.6s)
  ok 384 [chrome] › virtualisation.spec.mjs:125:1 › the first and the last row paint their own data, there and back again (BIG-5) (742ms)
  ok 385 [chrome] › virtualisation.spec.mjs:158:1 › a scroll to the end made as the grid becomes ready is not undone by the Layout Ceiling (BIG-5, ADR-0053) (687ms)
  ok 386 [chrome] › virtualisation.spec.mjs:191:1 › scrolling changes which rows exist, not how many elements do (ADR-0004 P1, across a scroll) (1.2s)
  ok 387 [chrome] › virtualisation.spec.mjs:207:1 › Ctrl+A over 10⁶ × 100 is one rectangle, counted as 10⁸, and the next key is answered (BIG-3, SL-6, DOM-2) (226ms)
  ok 388 [chrome] › virtualisation.spec.mjs:308:1 › a scroll frame makes at most one interop call, whatever is painted (PF-1) (3.2s)
  ok 389 [msedge] › circuit.spec.mjs:34:5 › keys typed faster than the round trip are neither lost nor reordered (ED-22, SRV-5) › a number typed at full speed is committed whole (1.8s)
  ok 390 [msedge] › circuit.spec.mjs:43:5 › keys typed faster than the round trip are neither lost nor reordered (ED-22, SRV-5) › continuous entry puts each value in its own cell (2.2s)
  ok 391 [msedge] › circuit.spec.mjs:54:5 › keys typed faster than the round trip are neither lost nor reordered (ED-22, SRV-5) › keys held behind a key that opened nothing replay as ordinary keys (698ms)
  ok 392 [msedge] › circuit.spec.mjs:64:1 › a paste past a Server hub's message limit arrives whole (CP-21, ADR-0052) (403ms)
  ok 393 [msedge] › circuit.spec.mjs:90:1 › a clipboard write the browser rejects is refused by name (CP-23) (299ms)
  ok 394 [msedge] › circuit.spec.mjs:111:1 › keys typed together in a menu run the item the keys chose (ADR-0039, SRV-5) (577ms)
  ok 395 [msedge] › circuit.spec.mjs:133:1 › keys typed straight after a key that opens a menu reach the menu (KB-33, ADR-0010/0039) (944ms)
  ok 396 [msedge] › circuit.spec.mjs:151:5 › a search typed straight after E lands whole in the search box, and Enter applies it (ADR-0044, ADR-0010, SRV-5, builtin) (1.0s)
  ok 397 [msedge] › circuit.spec.mjs:151:5 › a search typed straight after E lands whole in the search box, and Enter applies it (ADR-0044, ADR-0010, SRV-5, mud) (1.1s)
  ok 398 [msedge] › circuit.spec.mjs:178:1 › a key typed straight after a letter that runs a command waits for the popover to close (ADR-0010/0044, SRV-5) (1.1s)
  ok 399 [msedge] › circuit.spec.mjs:197:1 › a held Tab that script cannot perform stops the held typing there, rather than letting it land in the wrong field (ADR-0010/0044, SRV-5) (1.7s)
  ok 400 [msedge] › circuit.spec.mjs:229:5 › an Escape pressed straight after the operator list opens is not the grid's (KB-35, ADR-0039) (1.1s)
  ok 401 [msedge] › circuit.spec.mjs:229:5 › an Escape pressed straight after the date calendar opens is not the grid's (KB-35, ADR-0039) (1.1s)
  ok 402 [msedge] › circuit.spec.mjs:278:1 › a value typed and Enter pressed at once apply the condition (KB-31, SRV-5) (759ms)
  ok 403 [msedge] › circuit.spec.mjs:297:1 › Escape, Escape straight after an Inner Popup closes it and then the panel (ADR-0039, SRV-5) (996ms)
  ok 404 [msedge] › circuit.spec.mjs:314:1 › a menu taking the keyboard a round trip late keeps the scroll the user gave it (ADR-0039/0040, SRV-5) (936ms)
  ok 405 [msedge] › circuit.spec.mjs:338:5 › a Prerendered grid is busy and takes no tab stop until its circuit connects (A11Y-20) (659ms)
  ok 406 [msedge] › circuit.spec.mjs:360:5 › two users, one store (SRV-3, ADR-0018) › a store change reaches both, a sort reaches one, and a shared source is refused (701ms)
  ok 407 [msedge] › circuit.spec.mjs:440:9 › a click between keys is ordered with them (ED-22, ADR-0010) › with 0 ms between the steps, each value lands in the cell clicked for it (1.0s)
  ok 408 [msedge] › circuit.spec.mjs:440:9 › a click between keys is ordered with them (ED-22, ADR-0010) › with 30 ms between the steps, each value lands in the cell clicked for it (1.3s)
  ok 409 [msedge] › circuit.spec.mjs:440:9 › a click between keys is ordered with them (ED-22, ADR-0010) › with 60 ms between the steps, each value lands in the cell clicked for it (1.0s)
  ok 410 [msedge] › circuit.spec.mjs:455:5 › a click between keys is ordered with them (ED-22, ADR-0010) › a click straight after a key waits for no fallback: each step lands before the hold would give up (ED-22, ADR-0010) (2.6s)
  ok 411 [msedge] › circuit.spec.mjs:473:5 › a click between keys is ordered with them (ED-22, ADR-0010) › with a 150 ms round trip and no pause, each value lands in the cell clicked for it (SRV-5) (5.0s)
  ok 412 [msedge] › circuit.spec.mjs:505:9 › typing into an open field on a 150 ms circuit loses nothing (SRV-5, ED-22) › the Cell Editor, at 10 keys a second (builtin) (3.1s)
  ok 413 [msedge] › circuit.spec.mjs:505:9 › typing into an open field on a 150 ms circuit loses nothing (SRV-5, ED-22) › the Cell Editor, at 10 keys a second (mud) (3.1s)
  ok 414 [msedge] › circuit.spec.mjs:527:5 › typing into an open field on a 150 ms circuit loses nothing (SRV-5, ED-22) › the Name Box, at 10 keys a second (2.0s)
  ok 415 [msedge] › circuit.spec.mjs:552:1 › a ← typed as the completion list is painted is left to the editor (ADR-0051, ADR-0010) (465ms)
  ok 416 [msedge] › circuit.spec.mjs:600:9 › text typed at full speed into the grid's own fields arrives whole, under the builtin Chrome (SRV-7) › in the Cell Editor (859ms)
  ok 417 [msedge] › circuit.spec.mjs:614:9 › text typed at full speed into the grid's own fields arrives whole, under the builtin Chrome (SRV-7) › in the find field (ADR-0055) (878ms)
  ok 418 [msedge] › circuit.spec.mjs:625:9 › text typed at full speed into the grid's own fields arrives whole, under the builtin Chrome (SRV-7) › in the filter's search box (ADR-0009) (985ms)
  ok 419 [msedge] › circuit.spec.mjs:637:9 › text typed at full speed into the grid's own fields arrives whole, under the builtin Chrome (SRV-7) › in the filter's condition value (ADR-0009) (967ms)
  ok 420 [msedge] › circuit.spec.mjs:600:9 › text typed at full speed into the grid's own fields arrives whole, under the mud Chrome (SRV-7) › in the Cell Editor (981ms)
  ok 421 [msedge] › circuit.spec.mjs:614:9 › text typed at full speed into the grid's own fields arrives whole, under the mud Chrome (SRV-7) › in the find field (ADR-0055) (919ms)
  ok 422 [msedge] › circuit.spec.mjs:625:9 › text typed at full speed into the grid's own fields arrives whole, under the mud Chrome (SRV-7) › in the filter's search box (ADR-0009) (1.5s)
  ok 423 [msedge] › circuit.spec.mjs:637:9 › text typed at full speed into the grid's own fields arrives whole, under the mud Chrome (SRV-7) › in the filter's condition value (ADR-0009) (1.4s)
  ok 424 [msedge] › declarations.spec.mjs:59:9 › under the builtin Chrome › DC-17: the candidate list opens under the editor, inside the grid's box; Tab accepts (2.8s)
  ok 425 [msedge] › declarations.spec.mjs:95:9 › under the builtin Chrome › DC-17: Escape closes the list and leaves the edit open; the next Escape cancels (2.3s)
  ok 426 [msedge] › declarations.spec.mjs:108:9 › under the builtin Chrome › DC-31: with the list open, ← and → move the caret and the list stays (2.4s)
  ok 427 [msedge] › declarations.spec.mjs:134:9 › under the builtin Chrome › DC-31: a repeated letter (=SS) completes the span at the caret, and the caret sits after it (2.6s)
  ok 428 [msedge] › declarations.spec.mjs:167:9 › under the builtin Chrome › DC-17: completion works from the Formula Bar, its list inside the grid's box (2.2s)
  ok 429 [msedge] › declarations.spec.mjs:59:9 › under the mud Chrome › DC-17: the candidate list opens under the editor, inside the grid's box; Tab accepts (4.4s)
  ok 430 [msedge] › declarations.spec.mjs:95:9 › under the mud Chrome › DC-17: Escape closes the list and leaves the edit open; the next Escape cancels (4.2s)
  ok 431 [msedge] › declarations.spec.mjs:108:9 › under the mud Chrome › DC-31: with the list open, ← and → move the caret and the list stays (4.5s)
  ok 432 [msedge] › declarations.spec.mjs:134:9 › under the mud Chrome › DC-31: a repeated letter (=SS) completes the span at the caret, and the caret sits after it (4.5s)
  ok 433 [msedge] › declarations.spec.mjs:167:9 › under the mud Chrome › DC-17: completion works from the Formula Bar, its list inside the grid's box (4.3s)
  ok 434 [msedge] › declarations.spec.mjs:191:1 › DC-19: = ↓ ↓ points at F4, Shift+arrows extend, the Selection and the Focus stay put (2.5s)
  ok 435 [msedge] › declarations.spec.mjs:229:1 › DC-19: a click points at the clicked cell; Shift+click extends (2.3s)
  ok 436 [msedge] › declarations.spec.mjs:247:1 › DC-19: F2 switches from pointing to moving the caret (2.3s)
  ok 437 [msedge] › declarations.spec.mjs:270:1 › DC-31: a Reference written mid-text lands at the caret and the caret sits after it (2.3s)
  ok 438 [msedge] › declarations.spec.mjs:291:5 › DC-19/DC-34: pointing from the Formula Bar; a press into the bar keeps its caret; moving the caret enters Caret (builtin Chrome) (2.6s)
  ok 439 [msedge] › declarations.spec.mjs:291:5 › DC-19/DC-34: pointing from the Formula Bar; a press into the bar keeps its caret; moving the caret enters Caret (mud Chrome) (4.6s)
  ok 440 [msedge] › declarations.spec.mjs:342:5 › DC-19/DC-34: a press in the Formula Bar's text before a 150 ms circuit has placed the caret after a pointed Reference ends pointing (builtin Chrome) (4.4s)
  ok 441 [msedge] › declarations.spec.mjs:342:5 › DC-19/DC-34: a press in the Formula Bar's text before a 150 ms circuit has placed the caret after a pointed Reference ends pointing (mud Chrome) (6.4s)
  ok 442 [msedge] › declarations.spec.mjs:377:5 › DC-19/ADR-0010: keys typed into the Formula Bar before a 150 ms circuit has answered the press into it keep their meaning (builtin Chrome) (6.6s)
  ok 443 [msedge] › declarations.spec.mjs:377:5 › DC-19/ADR-0010: keys typed into the Formula Bar before a 150 ms circuit has answered the press into it keep their meaning (mud Chrome) (8.7s)
  ok 444 [msedge] › declarations.spec.mjs:427:5 › ADR-0021: a row press's late hand-back does not take the keyboard from the Formula Bar or the Name Box pressed after it, on a 150 ms circuit (builtin Chrome) (6.2s)
  ok 445 [msedge] › declarations.spec.mjs:427:5 › ADR-0021: a row press's late hand-back does not take the keyboard from the Formula Bar or the Name Box pressed after it, on a 150 ms circuit (mud Chrome) (8.3s)
  ok 446 [msedge] › declarations.spec.mjs:466:1 › DC-20: typed quickly on a 150 ms circuit, no arrow points where the text forbids it (4.9s)
  ok 447 [msedge] › declarations.spec.mjs:489:1 › DC-28: keys typed in the Formula Bar behind F2 on a 150 ms circuit land in the bar, in order (2.9s)
  ok 448 [msedge] › declarations.spec.mjs:520:1 › DC-28/ED-22: after keys held behind F2 on a 150 ms circuit, the next key lands at the caret they left (4.2s)
  ok 449 [msedge] › declarations.spec.mjs:570:5 › DC-13/DC-27: dragging the fill handle continues a series; the Selection is source and target (builtin Chrome) (2.6s)
  ok 450 [msedge] › declarations.spec.mjs:570:5 › DC-13/DC-27: dragging the fill handle continues a series; the Selection is source and target (mud Chrome) (4.8s)
  x  451 [msedge] › declarations.spec.mjs:596:1 › DC-13: the edge auto-scroll carries a fill past the bottom of the Viewport (4.1s)
  ok 452 [msedge] › declarations.spec.mjs:633:1 › DC-13: a Formula filled right shifts its References; a refused pattern leaves the Selection on the source (3.3s)
  ok 453 [msedge] › declarations.spec.mjs:659:1 › DC-8: a block pasted from the real clipboard onto one cell spills, and becomes the Selection (2.3s)
  ok 454 [msedge] › declarations.spec.mjs:684:5 › CP-6/CP-10/CP-14: Ctrl+C and Ctrl+V reach the grid after every way out of an edit (builtin Chrome) (4.4s)
  ok 455 [msedge] › declarations.spec.mjs:684:5 › CP-6/CP-10/CP-14: Ctrl+C and Ctrl+V reach the grid after every way out of an edit (mud Chrome) (6.3s)
  ok 456 [msedge] › declarations.spec.mjs:781:1 › DC-38/ADR-0048: Excel's too-narrow column pasted onto one cell is refused, the notice says why, and the Selection stays (2.7s)
  ok 457 [msedge] › declarations.spec.mjs:799:1 › DC-8: Excel's column wide enough, with the same flavours, file and RTF included, pastes and spills (2.2s)
DC-33 marker on the asynchronous (Server: navigator.clipboard.write) route: kept
  ok 458 [msedge] › declarations.spec.mjs:828:1 › SH-14/DC-33: a copy inside the Sheet carries Entries and shifts References; outward it carries Values (2.5s)
DC-33 marker on the asynchronous route (menu copy): kept; html: <html>
<body>
<!--StartFragment--><html><head></head><body><table data-ex-grid="invariant" xmlns:x="urn:schemas-microsoft-com:office:excel"><tbody><tr><td x:num="12">12</td><td x:num="0.5">0.5</td></tr><tr><td x:num="7">7</td><td x:num="0.75">0.75</td></tr></tbody></table></body></html><!--EndFrag
  ok 459 [msedge] › declarations.spec.mjs:858:1 › DC-33: whether the invariant marker survives the asynchronous clipboard route (a menu copy) (2.3s)
  ok 460 [msedge] › declarations.spec.mjs:885:1 › DC-30: Ctrl+Z / Ctrl+Y / Ctrl+Shift+Z walk the Sheet's stack; with an edit open they are the editor's (2.8s)
  ok 461 [msedge] › declarations.spec.mjs:924:1 › DC-30/ADR-0007: with an edit open, Ctrl+Z undoes uncommitted typing (3.3s)
  ok 462 [msedge] › declarations.spec.mjs:953:1 › SRV-5/ED-22: a Formula typed into an open editor at 10 keys a second on a 150 ms circuit loses nothing (4.4s)
  ok 463 [msedge] › declarations.spec.mjs:966:1 › DC-30/DC-25: on the grid that declares no undo, Ctrl+Z stays the browser's (2.0s)
  ok 464 [msedge] › declarations.spec.mjs:990:1 › DC-36: the grips resize a column and size it to fit, and no header carries a menu button (2.3s)
  ok 465 [msedge] › declarations.spec.mjs:1015:1 › DC-25: the positions grid, declaring nothing, keeps ExGrid's own behaviour beside the Sheet (2.3s)
  ok 466 [msedge] › excel-keys.spec.mjs:28:1 › Ctrl+Z and Ctrl+Y reach the Consumer's history, and the keydown is taken (KB-39, ADR-0007) (824ms)
  ok 467 [msedge] › excel-keys.spec.mjs:51:1 › inside the editor Ctrl+Z, Delete and Backspace are the input's own (ADR-0007, ED-25) (329ms)
  ok 468 [msedge] › excel-keys.spec.mjs:68:1 › Delete raises one Clear Intent, and the Consumer blanks what it can (ED-24, ADR-0054) (251ms)
  ok 469 [msedge] › excel-keys.spec.mjs:86:1 › Delete over a non-editable column is refused whole, and says so (ED-24, ADR-0054) (249ms)
  ok 470 [msedge] › excel-keys.spec.mjs:97:1 › Backspace opens an empty editor, and Escape leaves the cell as it was (ED-23, ADR-0035) (383ms)
  ok 471 [msedge] › excel-keys.spec.mjs:116:1 › Ctrl+D fills down and Ctrl+R fills right, and the browser keeps neither key (CP-24, ADR-0035) (319ms)
  ok 472 [msedge] › excel-keys.spec.mjs:137:1 › Ctrl+D on the first row is refused by name (CP-25, ADR-0035) (225ms)
  ok 473 [msedge] › excel-keys.spec.mjs:143:1 › a display-only grid leaves Delete, Backspace, Ctrl+Z, Ctrl+D and Ctrl+R to the page (ED-25, KB-39, ADR-0054/0035/0007) (436ms)
  ok 474 [msedge] › features.spec.mjs:28:1 › typing opens Overwrite containing the character, Enter commits and moves (ED-2/ED-4) (656ms)
  ok 475 [msedge] › features.spec.mjs:48:1 › in Overwrite an arrow commits and moves; in Caret it moves the caret (ED-2) (426ms)
  ok 476 [msedge] › features.spec.mjs:65:1 › Escape cancels the editor and never blurs the grid mid-edit (ED-3) (341ms)
  ok 477 [msedge] › features.spec.mjs:80:1 › the clipboard carries both formats, and #### never reaches it (CP-4/CP-5/CP-6/CP-10) (241ms)
  ok 478 [msedge] › features.spec.mjs:127:1 › a misaligned selection refuses and the clipboard stays untouched (CP-1/CP-3) (318ms)
  ok 479 [msedge] › features.spec.mjs:141:1 › paste raises one intent shaped by the clipboard block (CP-14, PST-1) (293ms)
  ok 480 [msedge] › features.spec.mjs:162:1 › CP-6/CP-10/CP-14: Ctrl+C and Ctrl+V reach the grid after an edit ends by Enter, Tab or Escape (1.7s)
  ok 481 [msedge] › features.spec.mjs:201:1 › ADR-0014 (amended 2026-09-29): one value of plain text over a range goes into its top-left alone, and the Selection collapses to it (450ms)
  ok 482 [msedge] › features.spec.mjs:222:1 › ADR-0014 (amended 2026-09-29): one cell copied inside the grid still fills the whole range (552ms)
  ok 483 [msedge] › features.spec.mjs:240:1 › a paste covering a non-editable column is refused whole (CP-16, ADR-0035) (192ms)
  ok 484 [msedge] › features.spec.mjs:255:1 › Ctrl+Enter fill across a non-editable column is refused, and says so (CP-16, ADR-0035, ADR-0052) (359ms)
  ok 485 [msedge] › features.spec.mjs:276:1 › a refusal is announced, not only painted (A11Y-16, ADR-0035) (349ms)
  ok 486 [msedge] › features.spec.mjs:297:1 › a menu copy writes without a prompt, and with headers (CP-19/CP-17, ADR-0005/0036) (295ms)
  ok 487 [msedge] › features.spec.mjs:313:1 › a Reject holds the editor with real keys, and Escape is the way out (ED-15, ADR-0034) (406ms)
  ok 488 [msedge] › features.spec.mjs:332:1 › a Flag applies and is marked, and its message opens on the Focus (ED-16/ED-17, ADR-0034) (1.1s)
  ok 489 [msedge] › features.spec.mjs:349:1 › a flagged cell says why when the pointer rests on it (ED-17b, ADR-0021/0034) (1.2s)
  ok 490 [msedge] › features.spec.mjs:369:1 › a pasted value wears the same mark as a typed one (ADR-0034) (192ms)
  ok 491 [msedge] › features.spec.mjs:379:1 › Ctrl+PageDown is neither handled nor prevented (KB-15) (268ms)
  ok 492 [msedge] › features.spec.mjs:414:1 › the grid is one tab stop (A11Y-4, KB-12) (251ms)
  ok 493 [msedge] › features.spec.mjs:443:1 › two instances stay independent: no --ex-* on :root, no window global (DOM-4) (101ms)
  ok 494 [msedge] › features.spec.mjs:462:1 › a header click sorts and the selection is untouched by it (SR-1) (301ms)
  ok 495 [msedge] › features.spec.mjs:476:1 › a display-only grid does not take printable keys away from the page (ADR-0010/0020) (318ms)
  ok 496 [msedge] › features.spec.mjs:503:1 › Escape returns the keyboard from a descendant control to the grid (ADR-0020/0012) (355ms)
  ok 497 [msedge] › features.spec.mjs:538:1 › Space enters a cell with several actions; the arrows choose and Space fires once (KB-20/KB-21, ADR-0037) (476ms)
  ok 498 [msedge] › features.spec.mjs:565:1 › inside a cell Enter never fires: it leaves and moves down (KB-22, ADR-0020/0037) (451ms)
  ok 499 [msedge] › features.spec.mjs:577:1 › Escape leaves an Interactive cell and the grid keeps the keyboard (KB-22, ADR-0037) (344ms)
  ok 500 [msedge] › features.spec.mjs:588:1 › Space puts the caret in a Template cell's field, and Escape brings the keyboard back (KB-23/KB-24, ADR-0037) (497ms)
  ok 501 [msedge] › features.spec.mjs:605:1 › a held Space fires a one-action cell once (KB-26, ADR-0037) (469ms)
  ok 502 [msedge] › features.spec.mjs:619:1 › holding Space to enter a cell fires nothing (KB-26, ADR-0037) (460ms)
  ok 503 [msedge] › features.spec.mjs:633:1 › Shift+Tab from after the grid lands on the root, not on a button inside it (A11Y-17, ADR-0037) (368ms)
  ok 504 [msedge] › features.spec.mjs:655:1 › the chosen action is outlined, with and without forced colors (UX-14, ADR-0029/0037) (737ms)
  ok 505 [msedge] › features.spec.mjs:671:1 › a press dragged off an action leaves no button holding the keyboard, and Enter fires nothing (KB-27, ADR-0020/0037) (701ms)
  ok 506 [msedge] › find.spec.mjs:28:9 › under the builtin Chrome › Ctrl+F opens the grid's panel, the keys typed after it land in its field, and Enter steps (FD-1/FD-3/FD-5, ADR-0055) (745ms)
  ok 507 [msedge] › find.spec.mjs:52:9 › under the builtin Chrome › a capital and a Shift+Enter typed straight after Ctrl+F keep their meaning (ADR-0055/0010, ED-22) (533ms)
  ok 508 [msedge] › find.spec.mjs:65:9 › under the builtin Chrome › a match beyond the painted rows is reached and revealed (FD-5, ADR-0055) (575ms)
  ok 509 [msedge] › find.spec.mjs:77:9 › under the builtin Chrome › with a range selected, Find searches it and the selection stands (FD-4/FD-5, ADR-0055) (510ms)
  ok 510 [msedge] › find.spec.mjs:92:9 › under the builtin Chrome › nothing found is said, in a live region (FD-6, ADR-0055) (233ms)
  ok 511 [msedge] › find.spec.mjs:103:9 › under the builtin Chrome › Ctrl+F in the find field selects its text, and the browser's find stays shut (FD-1, ADR-0055) (218ms)
  ok 512 [msedge] › find.spec.mjs:117:9 › under the builtin Chrome › Ctrl+F in a column's popover opens Find in its place (FD-1, ADR-0055) (204ms)
  ok 513 [msedge] › find.spec.mjs:130:9 › under the builtin Chrome › Ctrl+F in the Context Menu, and in the filter's text field, opens Find in its place (FD-1, ADR-0055) (515ms)
  ok 514 [msedge] › find.spec.mjs:153:9 › under the builtin Chrome › a Ctrl+F typed straight after Alt+Down opens Find, and the letters after it land in its field (FD-1, ED-22, ADR-0055) (269ms)
  ok 515 [msedge] › find.spec.mjs:167:9 › under the builtin Chrome › Escape closes the panel and hands the keyboard back to the grid (FD-3, ADR-0055) (360ms)
  ok 516 [msedge] › find.spec.mjs:28:9 › under the mud Chrome › Ctrl+F opens the grid's panel, the keys typed after it land in its field, and Enter steps (FD-1/FD-3/FD-5, ADR-0055) (497ms)
  ok 517 [msedge] › find.spec.mjs:52:9 › under the mud Chrome › a capital and a Shift+Enter typed straight after Ctrl+F keep their meaning (ADR-0055/0010, ED-22) (545ms)
  ok 518 [msedge] › find.spec.mjs:65:9 › under the mud Chrome › a match beyond the painted rows is reached and revealed (FD-5, ADR-0055) (627ms)
  ok 519 [msedge] › find.spec.mjs:77:9 › under the mud Chrome › with a range selected, Find searches it and the selection stands (FD-4/FD-5, ADR-0055) (608ms)
  ok 520 [msedge] › find.spec.mjs:92:9 › under the mud Chrome › nothing found is said, in a live region (FD-6, ADR-0055) (315ms)
  ok 521 [msedge] › find.spec.mjs:103:9 › under the mud Chrome › Ctrl+F in the find field selects its text, and the browser's find stays shut (FD-1, ADR-0055) (327ms)
  ok 522 [msedge] › find.spec.mjs:117:9 › under the mud Chrome › Ctrl+F in a column's popover opens Find in its place (FD-1, ADR-0055) (218ms)
  ok 523 [msedge] › find.spec.mjs:130:9 › under the mud Chrome › Ctrl+F in the Context Menu, and in the filter's text field, opens Find in its place (FD-1, ADR-0055) (468ms)
  ok 524 [msedge] › find.spec.mjs:153:9 › under the mud Chrome › a Ctrl+F typed straight after Alt+Down opens Find, and the letters after it land in its field (FD-1, ED-22, ADR-0055) (308ms)
  ok 525 [msedge] › find.spec.mjs:167:9 › under the mud Chrome › Escape closes the panel and hands the keyboard back to the grid (FD-3, ADR-0055) (467ms)
  ok 526 [msedge] › find.spec.mjs:180:1 › Tab stays inside the find panel (FD-8, ADR-0055/0039) (276ms)
  ok 527 [msedge] › find.spec.mjs:195:1 › the find panel stands inside the grid's box (FD-8, ADR-0055/0040) (217ms)
  ok 528 [msedge] › find.spec.mjs:212:1 › a grid with nothing to search takes Ctrl+F and opens nothing (FD-1/FD-2, ADR-0055) (283ms)
  ok 529 [msedge] › find.spec.mjs:227:1 › in the Cell Editor Ctrl+F does nothing (FD-1, ADR-0055) (228ms)
  ok 530 [msedge] › gestures.spec.mjs:21:1 › a leaf drag reorders within its group and clamps at its edge (HG-14/HG-15) (614ms)
  ok 531 [msedge] › gestures.spec.mjs:40:1 › grabbing a group rectangle moves the whole group (HG-14) (268ms)
  ok 532 [msedge] › gestures.spec.mjs:55:1 › a resize drag with a real mouse applies on release (ADR-0016) (277ms)
  ok 533 [msedge] › gestures.spec.mjs:71:1 › a drag past MaxWidth is recorded as it came and painted at that width (ADR-0016, FN-12) (245ms)
  ok 534 [msedge] › gestures.spec.mjs:88:1 › pasting onto an off-screen selection works, and the indicator showed first (PST-3) (400ms)
  ok 535 [msedge] › gestures.spec.mjs:109:1 › a ~10MB paste parses without freezing the grid (PST-5, PST-6 recorded, ADR-0052) (2.5s)
  ok 536 [msedge] › gestures.spec.mjs:142:1 › the focus outline holds 3:1 against the cell ground under the default theme (UX-9) (227ms)
  ok 537 [msedge] › gestures.spec.mjs:167:1 › narrowing the scrollbar by token changes the gutter and the geometry follows (UX-10) (366ms)
  ok 538 [msedge] › gestures.spec.mjs:203:1 › a composing IME keydown is never taken (ED-11, the listener guard) (151ms)
  ok 539 [msedge] › harness.spec.mjs:32:1 › a spec file boots its app once, at the index (ADR-0056) (499ms)
  ok 540 [msedge] › harness.spec.mjs:40:1 › the next test mounts its page afresh on the same document (ADR-0056) (148ms)
  ok 541 [msedge] › harness.spec.mjs:47:1 › what a test changed through the harness is put back when it ends (ADR-0056) (136ms)
  ok 542 [msedge] › harness.spec.mjs:78:1 › the next test finds none of it (ADR-0056) (202ms)
  ok 543 [msedge] › harness.spec.mjs:108:9 › a change made behind the harness's back is named, and the page is not handed on (ADR-0056) › a native stubbed with page.evaluate (120ms)
  ok 544 [msedge] › harness.spec.mjs:115:5 › a change made behind the harness's back is named, and the page is not handed on (ADR-0056) › after it, the next test has a document of its own (458ms)
  ok 545 [msedge] › harness.spec.mjs:123:9 › a change made behind the harness's back is named, and the page is not handed on (ADR-0056) › a native stubbed on its instance rather than its prototype (144ms)
  ok 546 [msedge] › harness.spec.mjs:134:9 › a change made behind the harness's back is named, and the page is not handed on (ADR-0056) › an element left in the head (470ms)
  ok 547 [msedge] › harness.spec.mjs:148:9 › a change made behind the harness's back is named, and the page is not handed on (ADR-0056) › an attribute left on the grid's parent (380ms)
  ok 548 [msedge] › harness.spec.mjs:156:9 › a change made behind the harness's back is named, and the page is not handed on (ADR-0056) › a rule inserted into a stylesheet, which the markup does not show (428ms)
  ok 549 [msedge] › harness.spec.mjs:164:9 › a change made behind the harness's back is named, and the page is not handed on (ADR-0056) › a global left on window (418ms)
  ok 550 [msedge] › harness.spec.mjs:171:1 › a test that leaves a key held hands no page on (ADR-0056) (327ms)
  ok 551 [msedge] › harness.spec.mjs:177:1 › after it, the next test boots, with no key held (ADR-0056) (386ms)
  ok 552 [msedge] › harness.spec.mjs:186:1 › a test that leaves a mouse button held hands no page on (ADR-0056) (124ms)
  ok 553 [msedge] › harness.spec.mjs:193:1 › after it too, the next test boots (ADR-0056) (464ms)
  x  554 [msedge] › harness.spec.mjs:199:1 › a test whose console reports an error hands no page on (ADR-0056) (158ms)
  ok 555 [msedge] › harness.spec.mjs:206:1 › after that, the next test boots (ADR-0056) (410ms)
  x  556 [msedge] › harness.spec.mjs:212:1 › a test that fails hands no page on (ADR-0056) (98ms)
  ok 557 [msedge] › harness.spec.mjs:219:1 › after a failure, the next test boots (ADR-0056) (461ms)
  ok 558 [msedge] › harness.spec.mjs:227:5 › a test that asks for a document of its own loads its page for real (ADR-0056) (286ms)
  ok 559 [msedge] › inspector-edits.spec.mjs:44:1 › RI-16: an approval from the inspector reaches the grid as a new instance, and the inspector shows it without a banner (ADR-0003) (504ms)
  ok 560 [msedge] › inspector-edits.spec.mjs:56:1 › RI-17: a change elsewhere raises the banner with the new value, keeps the old one shown, and disables the actions until reloaded (306ms)
  ok 561 [msedge] › inspector-edits.spec.mjs:76:1 › RI-18: a row deleted elsewhere says so, and its inspector acts on nothing (259ms)
  ok 562 [msedge] › inspector-edits.spec.mjs:86:1 › RI-19: an approval pressed before the news of a change arrives is refused by the store, and says why (359ms)
  ok 563 [msedge] › inspector-edits.spec.mjs:109:1 › RI-24: a deletion stays said, whatever news about the trade arrives after it (386ms)
  ok 564 [msedge] › inspector-edits.spec.mjs:125:1 › RI-25: an inspector opened while news is held back shows what the grid showed, and learns of the change when it is announced (291ms)
  ok 565 [msedge] › inspector-edits.spec.mjs:137:1 › RI-20: a note records the version it was written against, and is marked once the trade has moved on (359ms)
  ok 566 [msedge] › inspector-edits.spec.mjs:154:1 › RI-21: the inspector follows its trade by key when an approval moves it under the sort (300ms)
  -  567 [msedge] › inspector-edits.spec.mjs:171:1 › RI-22: on WebAssembly the page says there is nobody to share the store with
  ok 568 [msedge] › inspector-edits.spec.mjs:177:1 › RI-23: on the Server host, an approval in another tab raises the banner in this one (ADR-0018) (579ms)
  ok 569 [msedge] › inspectors.spec.mjs:88:5 › RI-4: modal, by click, handler returning once the dialog is shown: the keyboard is in the inspector, and back in the grid when it closes (ADR-0020/0037) (1.1s)
  ok 570 [msedge] › inspectors.spec.mjs:105:5 › RI-26: modal, by click from outside the grid, handler returning once the dialog is shown: closing gives the keyboard back to where it was, not to the grid (ADR-0037) (673ms)
  ok 571 [msedge] › inspectors.spec.mjs:116:5 › RI-5: modal, by Space, handler returning once the dialog is shown: the keyboard is in the inspector (ADR-0020/0037) (655ms)
  ok 572 [msedge] › inspectors.spec.mjs:88:5 › RI-4: modal, by click, handler awaiting the dialog's result: the keyboard is in the inspector, and back in the grid when it closes (ADR-0020/0037) (767ms)
  ok 573 [msedge] › inspectors.spec.mjs:105:5 › RI-26: modal, by click from outside the grid, handler awaiting the dialog's result: closing gives the keyboard back to where it was, not to the grid (ADR-0037) (693ms)
  ok 574 [msedge] › inspectors.spec.mjs:116:5 › RI-5: modal, by Space, handler awaiting the dialog's result: the keyboard is in the inspector (ADR-0020/0037) (686ms)
  ok 575 [msedge] › inspectors.spec.mjs:124:1 › RI-6: floating, by click: the keyboard is in the inspector just opened (ADR-0020/0037) (928ms)
  ok 576 [msedge] › inspectors.spec.mjs:136:1 › RI-7: floating, by Space: the keyboard is in the inspector (ADR-0020/0037) (684ms)
  ok 577 [msedge] › inspectors.spec.mjs:144:1 › RI-8: floating: a row whose inspector is open brings it to the front instead of opening another (417ms)
  ok 578 [msedge] › inspectors.spec.mjs:157:1 › RI-9: floating: an inspector is dragged by its title bar, and closes on its own (501ms)
  ok 579 [msedge] › inspectors.spec.mjs:183:1 › RI-10: the marked rows open as inspectors, one each, and the count names the ones outside the filter (ADR-0043) (482ms)
  ok 580 [msedge] › inspectors.spec.mjs:202:1 › RI-11: the marks survive a sort, so the rows opened are the rows ticked (ADR-0043) (415ms)
  ok 581 [msedge] › inspectors.spec.mjs:217:1 › RI-12: above the cap the marked rows are refused by count, and nothing opens (383ms)
  ok 582 [msedge] › inspectors.spec.mjs:230:1 › RI-13: modal: the marked rows open one after another, and Escape ends the queue (1.4s)
  ok 583 [msedge] › inspectors.spec.mjs:255:1 › RI-14: Enter on the Inspect cell moves down and opens nothing (ADR-0020) (626ms)
  ok 584 [msedge] › inspectors.spec.mjs:266:1 › RI-15: while a modal inspector stands, the grid behind it cannot be pressed (770ms)
  ok 585 [msedge] › marks.spec.mjs:41:1 › after "mark all", rows scrolled to far away paint ticked (MK-6) (809ms)
  ok 586 [msedge] › marks.spec.mjs:56:1 › a filter keeps the marks and names the ones outside it (MK-7) (420ms)
  ok 587 [msedge] › marks.spec.mjs:72:1 › Space in the Mark Column brings the selected rows into line (MK-1) (318ms)
  ok 588 [msedge] › marks.spec.mjs:95:1 › a row arriving after "mark all" is not marked, and the header turns to "some" (MK-8) (352ms)
  ok 589 [msedge] › marks.spec.mjs:106:1 › an action over a mark whose row was deleted elsewhere reports it as gone (ADR-0043) (234ms)
  -  590 [msedge] › measure.spec.mjs:32:1 › what the pointer reports cost on a circuit, at 0, 50 and 150 ms round trip (SRV-6)
  -  591 [msedge] › measure.spec.mjs:111:1 › how long the stale band stands while the window is dragged over a Stretch grid, at 0, 50 and 150 ms round trip (§21.9, ADR-0028)
  ok 592 [msedge] › memory.spec.mjs:82:1 › mounting and disposing the grid fifty times returns nodes and listeners to baseline (MEM-2) (6.1s)
  ok 593 [msedge] › memory.spec.mjs:117:1 › disposal takes the module's listeners off the root, and the count comes back (MEM-4) (548ms)
  -  594 [msedge] › memory.spec.mjs:159:1 › a ten-minute scripted scroll does not grow the JS heap (MEM-5, MEM-6)
  ok 595 [msedge] › mud-app.spec.mjs:111:1 › WR-7: a grid in a tab that was hidden paints correctly once its tab is shown (ADR-0028) (1.1s)
  ok 596 [msedge] › mud-app.spec.mjs:165:1 › WR-7: a Drawer toggle resizes the Stretch grid and its geometry follows (ADR-0028) (1.3s)
  ok 597 [msedge] › mud-app.spec.mjs:227:1 › WR-7: the two grids on the main area stay independent (DOM-4, ADR-0018, ADR-0052) (459ms)
  ok 598 [msedge] › mud-app.spec.mjs:274:1 › WR-7: the toolbar's MudSelect and the grids never interfere (ADR-0018/0039/0052) (759ms)
  ok 599 [msedge] › mud-app.spec.mjs:335:1 › WR-7: a grid in a MudDialog opens its popovers whole inside its box, and its Inner Popups above the dialog (ADR-0040/0039) (876ms)
  ok 600 [msedge] › mud-app.spec.mjs:401:1 › WR-9: the application's own controls — theme, tabs, dialog — keep the console clean (CON-1/2/3/6) (860ms)
  ok 601 [msedge] › mud-app.spec.mjs:420:1 › WR-5 (setup): /features?chrome=mud runs its grids under MudGridChrome, and the column menu opens (FN-17, UX-11) (417ms)
  ok 602 [msedge] › mud-app.spec.mjs:447:1 › WR-6: Striped paints the palette's table-stripe colour in both schemes, and a switch re-renders no row (ADR-0038/0030, RR-1) (314ms)
  ok 603 [msedge] › mud.spec.mjs:41:1 › the painted geometry equals the declared metrics under the real Wrapper stylesheet (UX-3) (587ms)
  ok 604 [msedge] › mud.spec.mjs:62:1 › nothing under the Viewport transitions or animates with the Wrapper loaded (UX-6) (162ms)
  ok 605 [msedge] › mud.spec.mjs:80:1 › the focus outline and the selection fill stay visible under the Wrapper theme, light and dark (UX-9) (292ms)
  ok 606 [msedge] › mud.spec.mjs:110:1 › a loss is painted in the palette's error colour by the Consumer's tone rule, and only there (ADR-0006, FN-7a) (187ms)
  ok 607 [msedge] › mud.spec.mjs:132:1 › a theme switch re-renders nothing inside the grid: the rows are the same elements (RR-1) (213ms)
  ok 608 [msedge] › mud.spec.mjs:150:1 › the row under the pointer is highlighted by an overlay band, in the hovered instance only (UX-13) (410ms)
  ok 609 [msedge] › mud.spec.mjs:175:1 › the Wrapper's editor opens inside the core's box with the typed character, and commits (ED-4, ADR-0030) (450ms)
  ok 610 [msedge] › mud.spec.mjs:206:1 › the loading bar is a MudProgressLinear where the core places its seam, only while loading (335ms)
  ok 611 [msedge] › mud.spec.mjs:218:1 › the paper's corners: rounded with an inset, square flush; the grid's own box is untouched (293ms)
  ok 612 [msedge] › navigation.spec.mjs:33:1 › RI-1: the index at / lists every routed page, once (366ms)
  ok 613 [msedge] › navigation.spec.mjs:47:1 › RI-2: the Row Identity demo that was at / is at /identity (157ms)
  ok 614 [msedge] › navigation.spec.mjs:54:1 › RI-3: every page opens from the index, names itself, and leads back to it (clean console) (2.8s)
  ok 615 [msedge] › observational.spec.mjs:133:5 › mount to first painted row at 10⁶ rows (BIG-7) (273ms)
  ok 616 [msedge] › observational.spec.mjs:146:1 › the DOM, the settle repaint and the frame intervals, virtualised and not (DOM-5, PF-6, BIG-6) (16.5s)
  ok 617 [msedge] › observational.spec.mjs:188:1 › a selection drag, one row a step, costs this much per step (PF-7) (2.2s)
  ok 618 [msedge] › popovers.spec.mjs:118:9 › under the builtin Chrome › a secondary click opens the grid's menu, not the browser's (CTX-1/CTX-5, ADR-0036) (417ms)
  ok 619 [msedge] › popovers.spec.mjs:144:9 › under the builtin Chrome › a secondary click outside the selection moves it first (CTX-1, ADR-0036) (171ms)
  ok 620 [msedge] › popovers.spec.mjs:155:9 › under the builtin Chrome › a Consumer command receives the clicked row and the selection (CTX-3, ADR-0036) (266ms)
  ok 621 [msedge] › popovers.spec.mjs:165:9 › under the builtin Chrome › the ContextMenu key opens it on the Focus (CTX-4, ADR-0036) (242ms)
  ok 622 [msedge] › popovers.spec.mjs:176:9 › under the builtin Chrome › popovers are not clipped by the scroll container and stay per instance (UX-11) (293ms)
  ok 623 [msedge] › popovers.spec.mjs:198:9 › under the builtin Chrome › a popover taller than its grid stays inside the grid's box and scrolls (UX-11, ADR-0040) (216ms)
  ok 624 [msedge] › popovers.spec.mjs:216:9 › under the builtin Chrome › Alt+↓ opens the Focus column's menu, and the menu takes the keyboard (KB-28/KB-29, ADR-0039) (142ms)
  ok 625 [msedge] › popovers.spec.mjs:227:9 › under the builtin Chrome › every popover takes the keyboard when it opens, by pointer or by key (KB-29, ADR-0039) (501ms)
  ok 626 [msedge] › popovers.spec.mjs:249:9 › under the builtin Chrome › a grid that goes while keys wait for its popover leaves nothing running (ADR-0010, CON-2) (349ms)
  ok 627 [msedge] › popovers.spec.mjs:269:9 › under the builtin Chrome › however a popover closes, the keyboard is back on the grid and the arrows move the Focus (KB-32, ADR-0039) (810ms)
  ok 628 [msedge] › popovers.spec.mjs:308:9 › under the builtin Chrome › in a menu the arrows, Home and End move among the enabled items and wrap (KB-30, ADR-0039) (612ms)
  ok 629 [msedge] › popovers.spec.mjs:336:13 › under the builtin Chrome › in a menu Enter runs the item and closes it (KB-30, ADR-0039) (415ms)
  ok 630 [msedge] › popovers.spec.mjs:336:13 › under the builtin Chrome › in a menu Space runs the item and closes it (KB-30, ADR-0039) (358ms)
  ok 631 [msedge] › popovers.spec.mjs:352:13 › under the builtin Chrome › over a filter, Tab on a command moves to the search box — nothing runs, nothing closes (FL-12, KB-30, ADR-0044) (335ms)
  ok 632 [msedge] › popovers.spec.mjs:352:13 › under the builtin Chrome › over a filter, Shift+Tab on a command moves to Cancel — nothing runs, nothing closes (FL-12, KB-30, ADR-0044) (386ms)
  ok 633 [msedge] › popovers.spec.mjs:370:9 › under the builtin Chrome › the Context Menu answers the same keys, and Tab closes it (KB-30, ADR-0039) (423ms)
  ok 634 [msedge] › popovers.spec.mjs:385:9 › under the builtin Chrome › Tab and Shift+Tab wrap through both halves of the popover (KB-31, FL-12, ADR-0044) (627ms)
  ok 635 [msedge] › popovers.spec.mjs:415:9 › under the builtin Chrome › the letters: S sorts, E goes to the search box where "e" is text, C clears (FL-15, FL-16, ADR-0044) (867ms)
  ok 636 [msedge] › popovers.spec.mjs:459:9 › under the builtin Chrome › on the value list the letters act too: E goes back to the search box, O sorts (FL-15, ADR-0044) (525ms)
  ok 637 [msedge] › popovers.spec.mjs:494:9 › under the builtin Chrome › where no value list stands, E goes to the condition's value, where a search is typed (FL-15, ADR-0044) (342ms)
  ok 638 [msedge] › popovers.spec.mjs:511:9 › under the builtin Chrome › E on a checkbox outside the value list holds nothing: a Space after it ticks at once (ADR-0010/0044) (669ms)
  ok 639 [msedge] › popovers.spec.mjs:542:9 › under the builtin Chrome › Enter in the value field applies exactly what OK applies (KB-31, ADR-0039) (669ms)
  ok 640 [msedge] › popovers.spec.mjs:551:9 › under the builtin Chrome › a pointer-down elsewhere in the instance dismisses a popover and keeps its own meaning (KB-17, ADR-0010/0039) (516ms)
  ok 641 [msedge] › popovers.spec.mjs:568:9 › under the builtin Chrome › a column's popover is a dialog holding a menu, both named by its header; the Context Menu a menu (A11Y-19, ADR-0039/0044) (341ms)
  ok 642 [msedge] › popovers.spec.mjs:118:9 › under the mud Chrome › a secondary click opens the grid's menu, not the browser's (CTX-1/CTX-5, ADR-0036) (252ms)
  ok 643 [msedge] › popovers.spec.mjs:144:9 › under the mud Chrome › a secondary click outside the selection moves it first (CTX-1, ADR-0036) (253ms)
  ok 644 [msedge] › popovers.spec.mjs:155:9 › under the mud Chrome › a Consumer command receives the clicked row and the selection (CTX-3, ADR-0036) (325ms)
  ok 645 [msedge] › popovers.spec.mjs:165:9 › under the mud Chrome › the ContextMenu key opens it on the Focus (CTX-4, ADR-0036) (309ms)
  ok 646 [msedge] › popovers.spec.mjs:176:9 › under the mud Chrome › popovers are not clipped by the scroll container and stay per instance (UX-11) (259ms)
  ok 647 [msedge] › popovers.spec.mjs:198:9 › under the mud Chrome › a popover taller than its grid stays inside the grid's box and scrolls (UX-11, ADR-0040) (234ms)
  ok 648 [msedge] › popovers.spec.mjs:216:9 › under the mud Chrome › Alt+↓ opens the Focus column's menu, and the menu takes the keyboard (KB-28/KB-29, ADR-0039) (319ms)
  ok 649 [msedge] › popovers.spec.mjs:227:9 › under the mud Chrome › every popover takes the keyboard when it opens, by pointer or by key (KB-29, ADR-0039) (574ms)
  ok 650 [msedge] › popovers.spec.mjs:249:9 › under the mud Chrome › a grid that goes while keys wait for its popover leaves nothing running (ADR-0010, CON-2) (277ms)
  ok 651 [msedge] › popovers.spec.mjs:269:9 › under the mud Chrome › however a popover closes, the keyboard is back on the grid and the arrows move the Focus (KB-32, ADR-0039) (925ms)
  ok 652 [msedge] › popovers.spec.mjs:308:9 › under the mud Chrome › in a menu the arrows, Home and End move among the enabled items and wrap (KB-30, ADR-0039) (785ms)
  ok 653 [msedge] › popovers.spec.mjs:336:13 › under the mud Chrome › in a menu Enter runs the item and closes it (KB-30, ADR-0039) (414ms)
  ok 654 [msedge] › popovers.spec.mjs:336:13 › under the mud Chrome › in a menu Space runs the item and closes it (KB-30, ADR-0039) (467ms)
  ok 655 [msedge] › popovers.spec.mjs:352:13 › under the mud Chrome › over a filter, Tab on a command moves to the search box — nothing runs, nothing closes (FL-12, KB-30, ADR-0044) (392ms)
  ok 656 [msedge] › popovers.spec.mjs:352:13 › under the mud Chrome › over a filter, Shift+Tab on a command moves to Cancel — nothing runs, nothing closes (FL-12, KB-30, ADR-0044) (391ms)
  ok 657 [msedge] › popovers.spec.mjs:370:9 › under the mud Chrome › the Context Menu answers the same keys, and Tab closes it (KB-30, ADR-0039) (509ms)
  ok 658 [msedge] › popovers.spec.mjs:385:9 › under the mud Chrome › Tab and Shift+Tab wrap through both halves of the popover (KB-31, FL-12, ADR-0044) (902ms)
  ok 659 [msedge] › popovers.spec.mjs:415:9 › under the mud Chrome › the letters: S sorts, E goes to the search box where "e" is text, C clears (FL-15, FL-16, ADR-0044) (831ms)
  ok 660 [msedge] › popovers.spec.mjs:459:9 › under the mud Chrome › on the value list the letters act too: E goes back to the search box, O sorts (FL-15, ADR-0044) (693ms)
  ok 661 [msedge] › popovers.spec.mjs:494:9 › under the mud Chrome › where no value list stands, E goes to the condition's value, where a search is typed (FL-15, ADR-0044) (333ms)
  ok 662 [msedge] › popovers.spec.mjs:511:9 › under the mud Chrome › E on a checkbox outside the value list holds nothing: a Space after it ticks at once (ADR-0010/0044) (711ms)
  ok 663 [msedge] › popovers.spec.mjs:542:9 › under the mud Chrome › Enter in the value field applies exactly what OK applies (KB-31, ADR-0039) (1.2s)
  ok 664 [msedge] › popovers.spec.mjs:551:9 › under the mud Chrome › a pointer-down elsewhere in the instance dismisses a popover and keeps its own meaning (KB-17, ADR-0010/0039) (571ms)
  ok 665 [msedge] › popovers.spec.mjs:568:9 › under the mud Chrome › a column's popover is a dialog holding a menu, both named by its header; the Context Menu a menu (A11Y-19, ADR-0039/0044) (351ms)
  ok 666 [msedge] › popovers.spec.mjs:617:5 › Inner Popups under the mud Chrome › an Inner Popup is drawn outside the root, and opening it disturbs neither grid (FN-21) (368ms)
  ok 667 [msedge] › popovers.spec.mjs:643:9 › Inner Popups under the mud Chrome › a pointer-down elsewhere in the instance closes the operator list and the panel, and keeps its meaning (FN-21, ModalOverlay off) (392ms)
  ok 668 [msedge] › popovers.spec.mjs:643:9 › Inner Popups under the mud Chrome › a pointer-down elsewhere in the instance closes the date calendar and the panel, and keeps its meaning (FN-21, ModalOverlay off) (590ms)
  ok 669 [msedge] › popovers.spec.mjs:671:9 › Inner Popups under the mud Chrome › Escape closes the operator list first, and the next Escape the panel (FN-21, KB-32) (497ms)
  ok 670 [msedge] › popovers.spec.mjs:671:9 › Inner Popups under the mud Chrome › Escape closes the date calendar first, and the next Escape the panel (FN-21, KB-32) (637ms)
  ok 671 [msedge] › popovers.spec.mjs:693:5 › Inner Popups under the mud Chrome › under ModalOverlay the press is the overlay's: only the Inner Popup closes, and Escape then closes the panel (FN-21) (665ms)
  ok 672 [msedge] › popovers.spec.mjs:718:5 › Inner Popups under the mud Chrome › choosing from an Inner Popup keeps the panel, and applying hands the keyboard back to the root (FN-21, KB-32) (503ms)
  ok 673 [msedge] › presentation.spec.mjs:17:1 › geometry tokens are inline and read-only: an ancestor or stylesheet cannot move them (UX-2) (494ms)
  ok 674 [msedge] › presentation.spec.mjs:45:1 › the painted heights equal the declared metrics exactly (UX-3, ST-3) (224ms)
  ok 675 [msedge] › presentation.spec.mjs:62:1 › a Visual Token set on an ancestor recolours the paint (UX-5, the paint half) (142ms)
  ok 676 [msedge] › presentation.spec.mjs:78:1 › nothing inside the Viewport transitions or animates (UX-6) (144ms)
  ok 677 [msedge] › presentation.spec.mjs:94:1 › forced colors keep every Cell State and Row Kind tellable (UX-7, on /cells) (227ms)
  ok 678 [msedge] › presentation.spec.mjs:120:1 › under a dark scheme the untouched grid stays readable (UX-8) (306ms)
  ok 679 [msedge] › presentation.spec.mjs:143:1 › inside an RTL ancestor the grid stays an LTR island (DIR-2/DIR-3) (423ms)
  ok 680 [msedge] › presentation.spec.mjs:181:1 › a Header Group label is centred, and nothing aligns it vertically (HG-13, ADR-0032) (142ms)
  ok 681 [msedge] › presentation.spec.mjs:198:1 › the editor's box is exactly the cell's (ED-9) (410ms)
  ok 682 [msedge] › presentation.spec.mjs:218:1 › the pointer leaving the grid stops the auto-scroll (SL-14/SL-15) (1.8s)
  ok 683 [msedge] › presentation.spec.mjs:245:1 › the Blazor error UI never appears (CON-5) (202ms)
  ok 684 [msedge] › scrollbar.spec.mjs:227:5 › the Focus is never behind a scrollbar (ADR-0012/0013) › with the platform's own scrollbars (649ms)
  ok 685 [msedge] › scrollbar.spec.mjs:237:5 › the Focus is never behind a scrollbar (ADR-0012/0013) › with scrollbars that occupy layout (391ms)
  ok 686 [msedge] › scrollbar.spec.mjs:263:5 › the Focus is never behind a scrollbar (ADR-0012/0013) › at every zoom level, after moving again (1.1s)
  ok 687 [msedge] › scrollbar.spec.mjs:342:5 › on a Windows desktop at fractional display scaling (VZ-14) › the Focus stays readable with the OS doing the scaling (527ms)
  ok 688 [msedge] › sheet-vs-excel.spec.mjs:125:1 › item 1: Ctrl+Down stops at each block edge, then the last row (ADR-0050 §2, ticket 07) (6.4s)
  ok 689 [msedge] › sheet-vs-excel.spec.mjs:156:1 › item 2: Ctrl+Shift+Right from inside a row block selects to its end, then to the last column (ADR-0050 §2, ADR-0052, ticket 07) (3.2s)
  ok 690 [msedge] › sheet-vs-excel.spec.mjs:178:1 › item 3: a column letter selects the column, Shift+click extends, the Focus on the top visible row (ADR-0050 §1, ADR-0052, ticket 06) (999ms)
  ok 691 [msedge] › sheet-vs-excel.spec.mjs:199:1 › item 4: a row number selects the row, Shift+click extends, the Focus in the first column on screen (ADR-0050 §1, ADR-0052, ticket 06) (751ms)
  ok 692 [msedge] › sheet-vs-excel.spec.mjs:214:1 › item 5: the corner selects every cell, the Focus on the top-left visible cell (ADR-0050 §1, ADR-0052, ticket 06) (774ms)
  ok 693 [msedge] › sheet-vs-excel.spec.mjs:246:1 › active cell, case 1: Shift+arrows move the far corner, the Focus stays, and the view follows the Extent (ADR-0052) (7.1s)
  ok 694 [msedge] › sheet-vs-excel.spec.mjs:261:1 › active cell, case 2: while a drag is held the Name Box shows 4R x 3C, and D5 stays active after D5 to B2 (ADR-0052) (590ms)
  ok 695 [msedge] › sheet-vs-excel.spec.mjs:274:1 › active cell, case 3: after Enter, Shift+arrow moves the edge opposite the Focus, and nothing from the middle (ADR-0052) (2.3s)
  ok 696 [msedge] › sheet-vs-excel.spec.mjs:300:1 › active cell, case 6: Ctrl+click on the active cell takes it out and the first remaining cell of the range made last is active (ADR-0052) (1.1s)
  ok 697 [msedge] › sheet-vs-excel.spec.mjs:313:1 › active cell, cases 7 and 8: Ctrl+. walks the corners, Ctrl+Backspace scrolls back to the Focus, Shift+Backspace collapses (ADR-0052) (2.0s)
  ok 698 [msedge] › sheet-vs-excel.spec.mjs:335:1 › active cell, cases 12 and 13: typing enters the Focus only, and Ctrl+Enter fills the Selection and moves nothing (ADR-0052) (1.5s)
  ok 699 [msedge] › sheet-vs-excel.spec.mjs:354:1 › item 6: the Name Box selects what it is given and scrolls only as far as it must (ADR-0050, ticket 09) (844ms)
  ok 700 [msedge] › sheet-vs-excel.spec.mjs:377:1 › item 7: in Enter mode an arrow key commits and moves (ADR-0012, ticket 08) (1.2s)
  ok 701 [msedge] › sheet-vs-excel.spec.mjs:390:1 › item 8: F2 on a Formula shows it with the caret at the end, and the arrows move the caret (ADR-0051, ticket 08) (1.3s)
  ok 702 [msedge] › sheet-vs-excel.spec.mjs:409:1 › item 9: Point mode by keys writes each Reference as the pointer moves (ADR-0051, ticket 11) (1.1s)
  ok 703 [msedge] › sheet-vs-excel.spec.mjs:427:1 › item 10: Point mode by mouse writes the clicked cell, then the dragged range (ADR-0051, ticket 11) (740ms)
  ok 704 [msedge] › sheet-vs-excel.spec.mjs:445:1 › item 11: F2 while pointing turns the arrows back to the caret (ADR-0051, ticket 11) (1.2s)
  ok 705 [msedge] › sheet-vs-excel.spec.mjs:458:1 › item 12: typing = in the Formula Bar and pressing Down does not point (ADR-0051, ticket 11) (654ms)
  ok 706 [msedge] › sheet-vs-excel.spec.mjs:467:1 › item 13: completion lists candidates, Tab takes one with its parenthesis, Escape closes only the list (ADR-0051, ticket 10) (1.5s)
  ok 707 [msedge] › sheet-vs-excel.spec.mjs:490:1 › item 14: the argument hint names every argument and marks the current one (ADR-0051, ticket 10) (886ms)
  ok 708 [msedge] › sheet-vs-excel.spec.mjs:502:1 › item 15: Escape in the Formula Bar cancels the edit and gives the keys back to the grid (ADR-0051, ticket 09) (1.0s)
  -  709 [msedge] › sheet-vs-excel.spec.mjs:517:12 › item 16: a copied Formula pastes with its relative References shifted (ADR-0048, ticket 14)
  -  710 [msedge] › sheet-vs-excel.spec.mjs:527:12 › item 17: a 3×3 block pasted onto one cell fills 3×3 and becomes the Selection (ADR-0050, ticket 14)
  -  711 [msedge] › sheet-vs-excel.spec.mjs:540:6 › item 18: cells from Excel, and to Excel (ADR-0048, ticket 14)
  -  712 [msedge] › sheet-vs-excel.spec.mjs:553:12 › item 19: pasted text =A1+1 is a Formula (ADR-0048, ticket 14)
  -  713 [msedge] › sheet-vs-excel.spec.mjs:558:12 › item 19: pasted text 1,234 is 1234 formatted #,##0, as Excel takes it (ADR-0048, ticket 14)
  -  714 [msedge] › sheet-vs-excel.spec.mjs:563:12 › item 19 and Part A item 10: pasted text =1+ is taken as that text (ADR-0048, ticket 14)
  ok 715 [msedge] › sheet-vs-excel.spec.mjs:569:1 › fourth run, active cell item 3: one value of plain text over a range goes into its top-left alone, and the Selection collapses to it (ADR-0014, amended 2026-09-29) (843ms)
  ok 716 [msedge] › sheet-vs-excel.spec.mjs:590:1 › one cell copied inside the Sheet still fills the whole range, as Excel's own copy does (ADR-0014, amended 2026-09-29) (1.0s)
  ok 717 [msedge] › sheet-vs-excel.spec.mjs:610:1 › item 20: the fill handle continues a series, and leaves source and target selected (ADR-0050 item 5, ADR-0052, ticket 15) (2.0s)
  ok 718 [msedge] › sheet-vs-excel.spec.mjs:621:1 › item 20: one number is copied, one date goes on by day, a Formula shifts (ADR-0050, ticket 15) (3.6s)
  ok 719 [msedge] › sheet-vs-excel.spec.mjs:636:1 › item 20: 1, 2, 4 continue as Excel's trend, to the 15 digits Excel keeps (ADR-0050, ticket 15) (2.7s)
  ok 720 [msedge] › sheet-vs-excel.spec.mjs:648:1 › item 20: a series filled up goes backwards, and the Focus stays on the source (ADR-0050, ADR-0052, ticket 15) (2.0s)
  ok 721 [msedge] › sheet-vs-excel.spec.mjs:661:1 › item 20: text in two cells filled left repeats backwards (ADR-0050, ticket 15) (1.9s)
  ok 722 [msedge] › sheet-vs-excel.spec.mjs:672:1 › item 20: Item 1, Mon and a date with a time are refused, by decision (ADR-0050) (3.4s)
  ok 723 [msedge] › sheet-vs-excel.spec.mjs:684:1 › item 21: with several ranges selected there is no fill handle (ADR-0050, ticket 15) (652ms)
  ok 724 [msedge] › sheet-vs-excel.spec.mjs:694:1 › item 22: inserting rows above a selected range keeps the Selection where it was, and the Focus (ADR-0046, ADR-0052, ticket 13) (743ms)
  ok 725 [msedge] › sheet-vs-excel.spec.mjs:706:1 › item 23: deleting a row a Formula references writes #REF! in its place (ADR-0046, ticket 13) (1.6s)
  -  726 [msedge] › sheet-vs-excel.spec.mjs:722:6 › item 24: a rename is undone by Ctrl+Z, as Excel undoes it (ADR-0048, ticket 12)
  ok 727 [msedge] › sheet-vs-excel.spec.mjs:730:1 › item 25: a long text is cut with an ellipsis, by decision; Excel lets it run over (ADR-0046) (702ms)
  ok 728 [msedge] › sheet-vs-excel.spec.mjs:738:1 › item 26: a number too wide for its column shows #### (ADR-0016) (890ms)
  ok 729 [msedge] › sheet-vs-excel.spec.mjs:748:1 › item 27: every cell of a cycle and its dependents is #CIRC!, by decision; Excel shows 0 (ADR-0047) (1.6s)
  ok 730 [msedge] › sheet.spec.mjs:32:1 › SH-18: an Entry and a Formula typed into cells commit, compute and move the Focus down (3.5s)
  ok 731 [msedge] › sheet.spec.mjs:56:1 › SH-18/DC-7: Ctrl+arrow stops at the end of each block, Ctrl+Shift+arrow extends to it (3.8s)
  ok 732 [msedge] › sheet.spec.mjs:81:1 › SH-18/DC-2/DC-3: a column heading, a Row Heading and the corner select, and nothing sorts (2.4s)
  ok 733 [msedge] › sheet.spec.mjs:138:1 › DC-3: the Row Headings stay at the left edge while the Sheet scrolls sideways (2.1s)
  ok 734 [msedge] › sheet.spec.mjs:174:1 › SH-18/DC-11: the Name Box takes the Focus to an address, scrolled into view (2.6s)
  ok 735 [msedge] › sheet.spec.mjs:198:1 › SH-18/DC-11: the Name Box pressed with an edit open commits it, then navigates (2.6s)
  ok 736 [msedge] › sheet.spec.mjs:227:1 › SH-18/DC-22: the Formula Bar and the Cell Editor are one text; each commits and cancels once (2.7s)
  ok 737 [msedge] › sheet.spec.mjs:270:1 › SH-18: inserting a row keeps every Reference naming its cell, and one Ctrl+Z restores it (2.5s)
  ok 738 [msedge] › sheet.spec.mjs:306:1 › SH-5/SH-18: deleting a row rewrites the References below it, a deleted target is #REF!, and one Ctrl+Z restores it (2.7s)
  ok 739 [msedge] › sheet.spec.mjs:345:1 › SH-5/SH-18: inserting a column rewrites every Reference across it, and one Ctrl+Z restores it (2.5s)
  ok 740 [msedge] › sheet.spec.mjs:377:1 › SH-5/SH-18: deleting a column makes a Reference to it #REF!, and one Ctrl+Z restores it (2.3s)
  ok 741 [msedge] › sheet.spec.mjs:405:1 › SH-16/SH-18: the Linked Table reads #GETTING_DATA until its first snapshot, then the values (3.9s)
  ok 742 [msedge] › sheet.spec.mjs:420:1 › SH-2: the Focus reaches XFD1048576 and the DOM does not grow with the extent (2.9s)
  ok 743 [msedge] › sheets.spec.mjs:24:1 › SH-13/DC-25: typing and Formulas stay in the Sheet that has the keyboard (944ms)
  ok 744 [msedge] › sheets.spec.mjs:46:1 › SH-13: each Sheet keeps its own undo stack (871ms)
  ok 745 [msedge] › sheets.spec.mjs:68:1 › ADR-0018: a completion list, a pointing outline and the Formula Bar belong to one Sheet (942ms)
  ok 746 [msedge] › sheets.spec.mjs:110:1 › ADR-0018: a Context Menu opens in the Sheet it was asked of, and its command acts there (283ms)
  ok 747 [msedge] › sheets.spec.mjs:129:1 › ADR-0018: a Sheet the user has pressed keeps the keyboard when the other one finishes a cancel late (2.7s)
  ok 748 [msedge] › sizing.spec.mjs:47:1 › a sorted Auto header and a Japanese Auto header paint whole (FN-12d, ADR-0016) (447ms)
  ok 749 [msedge] › sizing.spec.mjs:53:1 › a Japanese header double-clicked to fit paints whole at its fitted width (FN-12d, ADR-0016) (294ms)
  ok 750 [msedge] › sizing.spec.mjs:62:1 › a bold total the estimate fits paints whole, and a #### run fits its cell (FN-12e, ADR-0016) (466ms)
  ok 751 [msedge] › sizing.spec.mjs:77:1 › a double-click on an edge fits a value the Viewport has not painted (FN-12a, ADR-0016) (788ms)
  ok 752 [msedge] › sizing.spec.mjs:93:1 › a press on an edge that does not move reports no width and sorts nothing (FN-12b, ADR-0016) (175ms)
  ok 753 [msedge] › sizing.spec.mjs:101:1 › Shift+click on a header selects whole columns and does not sort (SR-2a, ADR-0012) (325ms)
  ok 754 [msedge] › sizing.spec.mjs:110:1 › dragging the edge of one of several whole columns resizes them all (FN-12c, ADR-0016) (408ms)
  ok 755 [msedge] › sizing.spec.mjs:125:1 › columns narrower than a wide box are not stretched, and a resize changes no column width (UX-11b, ADR-0045) (262ms)
  ok 756 [msedge] › sizing.spec.mjs:145:1 › a window narrower than the pinned block suspends pinning, and widening restores it (FN-6a, ADR-0045) (501ms)
  ok 757 [msedge] › stretch.spec.mjs:26:5 › in parents with a definite height › a sized box: the grid is the box, rows reach its bottom, and the DOM is the box's (VZ-12a, ADR-0028) (479ms)
  ok 758 [msedge] › stretch.spec.mjs:38:5 › in parents with a definite height › the rest of a flex column: the grid starts under the toolbar and ends with the column (VZ-12a, ADR-0028) (189ms)
  ok 759 [msedge] › stretch.spec.mjs:47:5 › in parents with a definite height › inside the paper: the Stretch grid takes what the toolbar leaves; a declared grid is unchanged (WR-7a, ADR-0030) (233ms)
  ok 760 [msedge] › stretch.spec.mjs:65:5 › in a parent with no height › nothing is painted and the grid names the parent (VZ-12b, ADR-0028) (687ms)
  ok 761 [msedge] › stretch.spec.mjs:80:5 › in a box that follows the window › the Viewport follows the window, both ways (VZ-12a, ADR-0028/0045) (412ms)
  ok 762 [msedge] › stretch.spec.mjs:88:5 › in a box that follows the window › a column that cannot be filtered shows its commands alone, and Tab closes them as a Cancel (KB-30, ADR-0039/0044) (486ms)
  ok 763 [msedge] › stretch.spec.mjs:106:5 › in a box that follows the window › a column menu with less than a row of room closes, and the keyboard is the grid's (UX-11a, ADR-0040) (407ms)
  ok 764 [msedge] › stripes.spec.mjs:65:1 › a pinned and a scrollable cell of one striped row paint the same ground (UX-15) (689ms)
  ok 765 [msedge] › stripes.spec.mjs:89:1 › a group or total row paints its own ground over the stripe and still counts (UX-16) (281ms)
  ok 766 [msedge] › stripes.spec.mjs:110:1 › a Cell State ground and the overlays paint over the stripe (UX-16) (552ms)
  ok 767 [msedge] › stripes.spec.mjs:134:1 › under forced colours no stripe is painted (UX-16) (228ms)
  ok 768 [msedge] › stripes.spec.mjs:151:1 › the vertical scrollbar paints a thumb in its gutter (ADR-0029, UX-10) (446ms)
  ok 769 [msedge] › virtualisation.spec.mjs:39:1 › the far corner is reachable and painted at 10⁶ rows (BIG-1) (1.0s)
  ok 770 [msedge] › virtualisation.spec.mjs:57:1 › the spacer is laid out as declared under the Layout Ceiling, and the last row ends flush (VZ-15) (450ms)
  ok 771 [msedge] › virtualisation.spec.mjs:112:1 › the element count is the same at 10³, 10⁵ and 10⁶ rows (VZ-1, BIG-2, DOM-1) (1.5s)
  ok 772 [msedge] › virtualisation.spec.mjs:125:1 › the first and the last row paint their own data, there and back again (BIG-5) (1.3s)
  ok 773 [msedge] › virtualisation.spec.mjs:158:1 › a scroll to the end made as the grid becomes ready is not undone by the Layout Ceiling (BIG-5, ADR-0053) (685ms)
  ok 774 [msedge] › virtualisation.spec.mjs:191:1 › scrolling changes which rows exist, not how many elements do (ADR-0004 P1, across a scroll) (1.2s)
  ok 775 [msedge] › virtualisation.spec.mjs:207:1 › Ctrl+A over 10⁶ × 100 is one rectangle, counted as 10⁸, and the next key is answered (BIG-3, SL-6, DOM-2) (326ms)
  ok 776 [msedge] › virtualisation.spec.mjs:308:1 › a scroll frame makes at most one interop call, whatever is painted (PF-1) (3.1s)
  ok 777 [chrome-150] › marks.spec.mjs:41:1 › after "mark all", rows scrolled to far away paint ticked (MK-6) (823ms)
  ok 778 [chrome-150] › scrollbar.spec.mjs:227:5 › the Focus is never behind a scrollbar (ADR-0012/0013) › with the platform's own scrollbars (523ms)
  ok 779 [chrome-150] › scrollbar.spec.mjs:237:5 › the Focus is never behind a scrollbar (ADR-0012/0013) › with scrollbars that occupy layout (491ms)
  ok 780 [chrome-150] › scrollbar.spec.mjs:263:5 › the Focus is never behind a scrollbar (ADR-0012/0013) › at every zoom level, after moving again (1.1s)
  ok 781 [chrome-150] › scrollbar.spec.mjs:342:5 › on a Windows desktop at fractional display scaling (VZ-14) › the Focus stays readable with the OS doing the scaling (520ms)
  ok 782 [chrome-150] › sheet-vs-excel.spec.mjs:178:1 › item 3: a column letter selects the column, Shift+click extends, the Focus on the top visible row (ADR-0050 §1, ADR-0052, ticket 06) (1.0s)
  ok 783 [chrome-150] › sheet-vs-excel.spec.mjs:214:1 › item 5: the corner selects every cell, the Focus on the top-left visible cell (ADR-0050 §1, ADR-0052, ticket 06) (944ms)
  ok 784 [chrome-150] › sheet-vs-excel.spec.mjs:313:1 › active cell, cases 7 and 8: Ctrl+. walks the corners, Ctrl+Backspace scrolls back to the Focus, Shift+Backspace collapses (ADR-0052) (2.2s)
  ok 785 [chrome-150] › sheet-vs-excel.spec.mjs:569:1 › fourth run, active cell item 3: one value of plain text over a range goes into its top-left alone, and the Selection collapses to it (ADR-0014, amended 2026-09-29) (1.0s)
  ok 786 [chrome-150] › sheet.spec.mjs:56:1 › SH-18/DC-7: Ctrl+arrow stops at the end of each block, Ctrl+Shift+arrow extends to it (4.0s)
  ok 787 [chrome-150] › sheet.spec.mjs:81:1 › SH-18/DC-2/DC-3: a column heading, a Row Heading and the corner select, and nothing sorts (2.5s)
  ok 788 [chrome-150] › sheet.spec.mjs:420:1 › SH-2: the Focus reaches XFD1048576 and the DOM does not grow with the extent (2.9s)
  ok 789 [chrome-150] › virtualisation.spec.mjs:39:1 › the far corner is reachable and painted at 10⁶ rows (BIG-1) (900ms)
  ok 790 [chrome-150] › virtualisation.spec.mjs:57:1 › the spacer is laid out as declared under the Layout Ceiling, and the last row ends flush (VZ-15) (695ms)
  ok 791 [chrome-150] › virtualisation.spec.mjs:125:1 › the first and the last row paint their own data, there and back again (BIG-5) (1.5s)
  ok 792 [chrome-150] › virtualisation.spec.mjs:158:1 › a scroll to the end made as the grid becomes ready is not undone by the Layout Ceiling (BIG-5, ADR-0053) (805ms)


  1) [chrome] › declarations.spec.mjs:596:1 › DC-13: the edge auto-scroll carries a fill past the bottom of the Viewport 

    Error: expect(received).toBeGreaterThan(expected)

    Expected: > 20
    Received:   2

      627 |     const end = await nameBox(grid).inputValue();
      628 |     const last = Number(end.slice(1));
    > 629 |     expect(last).toBeGreaterThan(20);
          |                  ^
      630 |     await expect(cell(grid, end)).toHaveText(String(last - 1));
      631 | });
      632 |
        at C:\Users\amisa\AppData\Local\exgrid-layer3\run-2026-09-29-5\tests\ExGrid.Browser\declarations.spec.mjs:629:18

    Error Context: test-results\declarations-DC-13-the-edg-303c4--the-bottom-of-the-Viewport-chrome\error-context.md

    attachment #2: trace (application/zip) ─────────────────────────────────────────────────────────
    test-results\declarations-DC-13-the-edg-303c4--the-bottom-of-the-Viewport-chrome\trace.zip
    Usage:

        npx playwright show-trace test-results\declarations-DC-13-the-edg-303c4--the-bottom-of-the-Viewport-chrome\trace.zip

    ────────────────────────────────────────────────────────────────────────────────────────────────

  2) [msedge] › declarations.spec.mjs:596:1 › DC-13: the edge auto-scroll carries a fill past the bottom of the Viewport 

    Error: expect(received).toBeGreaterThan(expected)

    Expected: > 20
    Received:   2

      627 |     const end = await nameBox(grid).inputValue();
      628 |     const last = Number(end.slice(1));
    > 629 |     expect(last).toBeGreaterThan(20);
          |                  ^
      630 |     await expect(cell(grid, end)).toHaveText(String(last - 1));
      631 | });
      632 |
        at C:\Users\amisa\AppData\Local\exgrid-layer3\run-2026-09-29-5\tests\ExGrid.Browser\declarations.spec.mjs:629:18

    Error Context: test-results\declarations-DC-13-the-edg-303c4--the-bottom-of-the-Viewport-msedge\error-context.md

    attachment #2: trace (application/zip) ─────────────────────────────────────────────────────────
    test-results\declarations-DC-13-the-edg-303c4--the-bottom-of-the-Viewport-msedge\trace.zip
    Usage:

        npx playwright show-trace test-results\declarations-DC-13-the-edg-303c4--the-bottom-of-the-Viewport-msedge\trace.zip

    ────────────────────────────────────────────────────────────────────────────────────────────────

  2 failed
    [chrome] › declarations.spec.mjs:596:1 › DC-13: the edge auto-scroll carries a fill past the bottom of the Viewport 
    [msedge] › declarations.spec.mjs:596:1 › DC-13: the edge auto-scroll carries a fill past the bottom of the Viewport 
  22 skipped
  768 passed (15.9m)
end 19:24:06
