start 11:27:57

Running 771 tests using 1 worker

  ok   1 [chrome] › circuit.spec.mjs:34:5 › keys typed faster than the round trip are neither lost nor reordered (ED-22, SRV-5) › a number typed at full speed is committed whole (1.8s)
  ok   2 [chrome] › circuit.spec.mjs:43:5 › keys typed faster than the round trip are neither lost nor reordered (ED-22, SRV-5) › continuous entry puts each value in its own cell (2.2s)
  ok   3 [chrome] › circuit.spec.mjs:54:5 › keys typed faster than the round trip are neither lost nor reordered (ED-22, SRV-5) › keys held behind a key that opened nothing replay as ordinary keys (609ms)
  ok   4 [chrome] › circuit.spec.mjs:64:1 › a paste past a Server hub's message limit arrives whole (CP-21, ADR-0052) (483ms)
  ok   5 [chrome] › circuit.spec.mjs:90:1 › a clipboard write the browser rejects is refused by name (CP-23) (308ms)
  ok   6 [chrome] › circuit.spec.mjs:111:1 › keys typed together in a menu run the item the keys chose (ADR-0039, SRV-5) (617ms)
  ok   7 [chrome] › circuit.spec.mjs:133:1 › keys typed straight after a key that opens a menu reach the menu (KB-33, ADR-0010/0039) (893ms)
  ok   8 [chrome] › circuit.spec.mjs:151:5 › a search typed straight after E lands whole in the search box, and Enter applies it (ADR-0044, ADR-0010, SRV-5, builtin) (1.0s)
  ok   9 [chrome] › circuit.spec.mjs:151:5 › a search typed straight after E lands whole in the search box, and Enter applies it (ADR-0044, ADR-0010, SRV-5, mud) (1.2s)
  ok  10 [chrome] › circuit.spec.mjs:178:1 › a key typed straight after a letter that runs a command waits for the popover to close (ADR-0010/0044, SRV-5) (1.1s)
  ok  11 [chrome] › circuit.spec.mjs:197:1 › a held Tab that script cannot perform stops the held typing there, rather than letting it land in the wrong field (ADR-0010/0044, SRV-5) (1.6s)
  ok  12 [chrome] › circuit.spec.mjs:229:5 › an Escape pressed straight after the operator list opens is not the grid's (KB-35, ADR-0039) (1.3s)
  ok  13 [chrome] › circuit.spec.mjs:229:5 › an Escape pressed straight after the date calendar opens is not the grid's (KB-35, ADR-0039) (1.2s)
  ok  14 [chrome] › circuit.spec.mjs:278:1 › a value typed and Enter pressed at once apply the condition (KB-31, SRV-5) (666ms)
  ok  15 [chrome] › circuit.spec.mjs:297:1 › Escape, Escape straight after an Inner Popup closes it and then the panel (ADR-0039, SRV-5) (950ms)
  ok  16 [chrome] › circuit.spec.mjs:314:1 › a menu taking the keyboard a round trip late keeps the scroll the user gave it (ADR-0039/0040, SRV-5) (918ms)
  ok  17 [chrome] › circuit.spec.mjs:338:5 › a Prerendered grid is busy and takes no tab stop until its circuit connects (A11Y-20) (588ms)
  ok  18 [chrome] › circuit.spec.mjs:360:5 › two users, one store (SRV-3, ADR-0018) › a store change reaches both, a sort reaches one, and a shared source is refused (713ms)
  ok  19 [chrome] › circuit.spec.mjs:440:9 › a click between keys is ordered with them (ED-22, ADR-0010) › with 0 ms between the steps, each value lands in the cell clicked for it (1.0s)
  ok  20 [chrome] › circuit.spec.mjs:440:9 › a click between keys is ordered with them (ED-22, ADR-0010) › with 30 ms between the steps, each value lands in the cell clicked for it (1.3s)
  ok  21 [chrome] › circuit.spec.mjs:440:9 › a click between keys is ordered with them (ED-22, ADR-0010) › with 60 ms between the steps, each value lands in the cell clicked for it (1.0s)
  ok  22 [chrome] › circuit.spec.mjs:455:5 › a click between keys is ordered with them (ED-22, ADR-0010) › a click straight after a key waits for no fallback: each step lands before the hold would give up (ED-22, ADR-0010) (2.5s)
  ok  23 [chrome] › circuit.spec.mjs:473:5 › a click between keys is ordered with them (ED-22, ADR-0010) › with a 150 ms round trip and no pause, each value lands in the cell clicked for it (SRV-5) (5.1s)
  ok  24 [chrome] › circuit.spec.mjs:505:9 › typing into an open field on a 150 ms circuit loses nothing (SRV-5, ED-22) › the Cell Editor, at 10 keys a second (builtin) (3.0s)
  ok  25 [chrome] › circuit.spec.mjs:505:9 › typing into an open field on a 150 ms circuit loses nothing (SRV-5, ED-22) › the Cell Editor, at 10 keys a second (mud) (3.1s)
  ok  26 [chrome] › circuit.spec.mjs:527:5 › typing into an open field on a 150 ms circuit loses nothing (SRV-5, ED-22) › the Name Box, at 10 keys a second (2.0s)
  ok  27 [chrome] › circuit.spec.mjs:552:1 › a ← typed as the completion list is painted is left to the editor (ADR-0051, ADR-0010) (442ms)
  ok  28 [chrome] › circuit.spec.mjs:600:9 › text typed at full speed into the grid's own fields arrives whole, under the builtin Chrome (SRV-7) › in the Cell Editor (841ms)
  ok  29 [chrome] › circuit.spec.mjs:614:9 › text typed at full speed into the grid's own fields arrives whole, under the builtin Chrome (SRV-7) › in the find field (ADR-0055) (872ms)
  ok  30 [chrome] › circuit.spec.mjs:625:9 › text typed at full speed into the grid's own fields arrives whole, under the builtin Chrome (SRV-7) › in the filter's search box (ADR-0009) (917ms)
  ok  31 [chrome] › circuit.spec.mjs:637:9 › text typed at full speed into the grid's own fields arrives whole, under the builtin Chrome (SRV-7) › in the filter's condition value (ADR-0009) (963ms)
  ok  32 [chrome] › circuit.spec.mjs:600:9 › text typed at full speed into the grid's own fields arrives whole, under the mud Chrome (SRV-7) › in the Cell Editor (878ms)
  ok  33 [chrome] › circuit.spec.mjs:614:9 › text typed at full speed into the grid's own fields arrives whole, under the mud Chrome (SRV-7) › in the find field (ADR-0055) (890ms)
  ok  34 [chrome] › circuit.spec.mjs:625:9 › text typed at full speed into the grid's own fields arrives whole, under the mud Chrome (SRV-7) › in the filter's search box (ADR-0009) (1.5s)
  ok  35 [chrome] › circuit.spec.mjs:637:9 › text typed at full speed into the grid's own fields arrives whole, under the mud Chrome (SRV-7) › in the filter's condition value (ADR-0009) (1.5s)
  ok  36 [chrome] › declarations.spec.mjs:59:9 › under the builtin Chrome › DC-17: the candidate list opens under the editor, inside the grid's box; Tab accepts (2.7s)
  ok  37 [chrome] › declarations.spec.mjs:95:9 › under the builtin Chrome › DC-17: Escape closes the list and leaves the edit open; the next Escape cancels (2.2s)
  ok  38 [chrome] › declarations.spec.mjs:108:9 › under the builtin Chrome › DC-31: with the list open, ← and → move the caret and the list stays (2.4s)
  ok  39 [chrome] › declarations.spec.mjs:134:9 › under the builtin Chrome › DC-31: a repeated letter (=SS) completes the span at the caret, and the caret sits after it (2.6s)
  ok  40 [chrome] › declarations.spec.mjs:167:9 › under the builtin Chrome › DC-17: completion works from the Formula Bar, its list inside the grid's box (2.3s)
  ok  41 [chrome] › declarations.spec.mjs:59:9 › under the mud Chrome › DC-17: the candidate list opens under the editor, inside the grid's box; Tab accepts (3.8s)
  ok  42 [chrome] › declarations.spec.mjs:95:9 › under the mud Chrome › DC-17: Escape closes the list and leaves the edit open; the next Escape cancels (3.7s)
  ok  43 [chrome] › declarations.spec.mjs:108:9 › under the mud Chrome › DC-31: with the list open, ← and → move the caret and the list stays (3.9s)
  ok  44 [chrome] › declarations.spec.mjs:134:9 › under the mud Chrome › DC-31: a repeated letter (=SS) completes the span at the caret, and the caret sits after it (4.6s)
  ok  45 [chrome] › declarations.spec.mjs:167:9 › under the mud Chrome › DC-17: completion works from the Formula Bar, its list inside the grid's box (3.7s)
  ok  46 [chrome] › declarations.spec.mjs:191:1 › DC-19: = ↓ ↓ points at F4, Shift+arrows extend, the Selection and the Focus stay put (2.6s)
  ok  47 [chrome] › declarations.spec.mjs:229:1 › DC-19: a click points at the clicked cell; Shift+click extends (2.3s)
  ok  48 [chrome] › declarations.spec.mjs:247:1 › DC-19: F2 switches from pointing to moving the caret (2.3s)
  ok  49 [chrome] › declarations.spec.mjs:270:1 › DC-31: a Reference written mid-text lands at the caret and the caret sits after it (2.3s)
  ok  50 [chrome] › declarations.spec.mjs:291:5 › DC-19/DC-34: pointing from the Formula Bar; a press into the bar keeps its caret; moving the caret enters Caret (builtin Chrome) (2.6s)
  ok  51 [chrome] › declarations.spec.mjs:291:5 › DC-19/DC-34: pointing from the Formula Bar; a press into the bar keeps its caret; moving the caret enters Caret (mud Chrome) (4.5s)
  ok  52 [chrome] › declarations.spec.mjs:342:5 › DC-19/ADR-0010: keys typed into the Formula Bar before a 150 ms circuit has answered the press into it keep their meaning (builtin Chrome) (6.6s)
  ok  53 [chrome] › declarations.spec.mjs:342:5 › DC-19/ADR-0010: keys typed into the Formula Bar before a 150 ms circuit has answered the press into it keep their meaning (mud Chrome) (8.6s)
  ok  54 [chrome] › declarations.spec.mjs:392:5 › ADR-0021: a row press's late hand-back does not take the keyboard from the Formula Bar or the Name Box pressed after it, on a 150 ms circuit (builtin Chrome) (6.3s)
  ok  55 [chrome] › declarations.spec.mjs:392:5 › ADR-0021: a row press's late hand-back does not take the keyboard from the Formula Bar or the Name Box pressed after it, on a 150 ms circuit (mud Chrome) (8.2s)
  ok  56 [chrome] › declarations.spec.mjs:431:1 › DC-20: typed quickly on a 150 ms circuit, no arrow points where the text forbids it (4.9s)
  ok  57 [chrome] › declarations.spec.mjs:454:1 › DC-28: keys typed in the Formula Bar behind F2 on a 150 ms circuit land in the bar, in order (3.0s)
  ok  58 [chrome] › declarations.spec.mjs:485:1 › DC-28/ED-22: after keys held behind F2 on a 150 ms circuit, the next key lands at the caret they left (4.1s)
  ok  59 [chrome] › declarations.spec.mjs:535:5 › DC-13/DC-27: dragging the fill handle continues a series; the Selection is source and target (builtin Chrome) (2.7s)
  ok  60 [chrome] › declarations.spec.mjs:535:5 › DC-13/DC-27: dragging the fill handle continues a series; the Selection is source and target (mud Chrome) (4.2s)
  ok  61 [chrome] › declarations.spec.mjs:561:1 › DC-13: the edge auto-scroll carries a fill past the bottom of the Viewport (4.2s)
  ok  62 [chrome] › declarations.spec.mjs:598:1 › DC-13: a Formula filled right shifts its References; a refused pattern leaves the Selection on the source (3.1s)
  ok  63 [chrome] › declarations.spec.mjs:624:1 › DC-8: a block pasted from the real clipboard onto one cell spills, and becomes the Selection (2.2s)
  ok  64 [chrome] › declarations.spec.mjs:673:1 › DC-38/ADR-0048: Excel's too-narrow column pasted onto one cell is refused, the notice says why, and the Selection stays (2.7s)
  ok  65 [chrome] › declarations.spec.mjs:691:1 › DC-8: Excel's column wide enough, with the same flavours, file and RTF included, pastes and spills (2.2s)
DC-33 marker on the asynchronous (Server: navigator.clipboard.write) route: kept
  ok  66 [chrome] › declarations.spec.mjs:720:1 › SH-14/DC-33: a copy inside the Sheet carries Entries and shifts References; outward it carries Values (2.5s)
DC-33 marker on the asynchronous route (menu copy): kept; html: <html>
<body>
<!--StartFragment--><html><head></head><body><table data-ex-grid="invariant" xmlns:x="urn:schemas-microsoft-com:office:excel"><tbody><tr><td x:num="12">12</td><td x:num="0.5">0.5</td></tr><tr><td x:num="7">7</td><td x:num="0.75">0.75</td></tr></tbody></table></body></html><!--EndFrag
  ok  67 [chrome] › declarations.spec.mjs:750:1 › DC-33: whether the invariant marker survives the asynchronous clipboard route (a menu copy) (2.4s)
  ok  68 [chrome] › declarations.spec.mjs:777:1 › DC-30: Ctrl+Z / Ctrl+Y / Ctrl+Shift+Z walk the Sheet's stack; with an edit open they are the editor's (2.7s)
  ok  69 [chrome] › declarations.spec.mjs:816:1 › DC-30/ADR-0007: with an edit open, Ctrl+Z undoes uncommitted typing (3.2s)
  ok  70 [chrome] › declarations.spec.mjs:845:1 › SRV-5/ED-22: a Formula typed into an open editor at 10 keys a second on a 150 ms circuit loses nothing (4.5s)
  ok  71 [chrome] › declarations.spec.mjs:858:1 › DC-30/DC-25: on the grid that declares no undo, Ctrl+Z stays the browser's (2.0s)
  ok  72 [chrome] › declarations.spec.mjs:882:1 › DC-36: the grips resize a column and size it to fit, and no header carries a menu button (2.3s)
  ok  73 [chrome] › declarations.spec.mjs:907:1 › DC-25: the positions grid, declaring nothing, keeps ExGrid's own behaviour beside the Sheet (2.3s)
  ok  74 [chrome] › excel-keys.spec.mjs:28:1 › Ctrl+Z and Ctrl+Y reach the Consumer's history, and the keydown is taken (KB-39, ADR-0007) (809ms)
  ok  75 [chrome] › excel-keys.spec.mjs:51:1 › inside the editor Ctrl+Z, Delete and Backspace are the input's own (ADR-0007, ED-25) (280ms)
  ok  76 [chrome] › excel-keys.spec.mjs:68:1 › Delete raises one Clear Intent, and the Consumer blanks what it can (ED-24, ADR-0054) (283ms)
  ok  77 [chrome] › excel-keys.spec.mjs:86:1 › Delete over a non-editable column is refused whole, and says so (ED-24, ADR-0054) (177ms)
  ok  78 [chrome] › excel-keys.spec.mjs:97:1 › Backspace opens an empty editor, and Escape leaves the cell as it was (ED-23, ADR-0035) (465ms)
  ok  79 [chrome] › excel-keys.spec.mjs:116:1 › Ctrl+D fills down and Ctrl+R fills right, and the browser keeps neither key (CP-24, ADR-0035) (261ms)
  ok  80 [chrome] › excel-keys.spec.mjs:137:1 › Ctrl+D on the first row is refused by name (CP-25, ADR-0035) (295ms)
  ok  81 [chrome] › excel-keys.spec.mjs:143:1 › a display-only grid leaves Delete, Backspace, Ctrl+Z, Ctrl+D and Ctrl+R to the page (ED-25, KB-39, ADR-0054/0035/0007) (334ms)
  ok  82 [chrome] › features.spec.mjs:28:1 › typing opens Overwrite containing the character, Enter commits and moves (ED-2/ED-4) (595ms)
  ok  83 [chrome] › features.spec.mjs:48:1 › in Overwrite an arrow commits and moves; in Caret it moves the caret (ED-2) (390ms)
  ok  84 [chrome] › features.spec.mjs:65:1 › Escape cancels the editor and never blurs the grid mid-edit (ED-3) (278ms)
  ok  85 [chrome] › features.spec.mjs:80:1 › the clipboard carries both formats, and #### never reaches it (CP-4/CP-5/CP-6/CP-10) (235ms)
  ok  86 [chrome] › features.spec.mjs:127:1 › a misaligned selection refuses and the clipboard stays untouched (CP-1/CP-3) (256ms)
  ok  87 [chrome] › features.spec.mjs:141:1 › paste raises one intent shaped by the clipboard block (CP-14, PST-1) (299ms)
  ok  88 [chrome] › features.spec.mjs:152:1 › a paste covering a non-editable column is refused whole (CP-16, ADR-0035) (259ms)
  ok  89 [chrome] › features.spec.mjs:167:1 › Ctrl+Enter fill across a non-editable column is refused, and says so (CP-16, ADR-0035, ADR-0052) (300ms)
  ok  90 [chrome] › features.spec.mjs:188:1 › a refusal is announced, not only painted (A11Y-16, ADR-0035) (350ms)
  ok  91 [chrome] › features.spec.mjs:209:1 › a menu copy writes without a prompt, and with headers (CP-19/CP-17, ADR-0005/0036) (307ms)
  ok  92 [chrome] › features.spec.mjs:225:1 › a Reject holds the editor with real keys, and Escape is the way out (ED-15, ADR-0034) (402ms)
  ok  93 [chrome] › features.spec.mjs:244:1 › a Flag applies and is marked, and its message opens on the Focus (ED-16/ED-17, ADR-0034) (1.1s)
  ok  94 [chrome] › features.spec.mjs:261:1 › a flagged cell says why when the pointer rests on it (ED-17b, ADR-0021/0034) (1.2s)
  ok  95 [chrome] › features.spec.mjs:281:1 › a pasted value wears the same mark as a typed one (ADR-0034) (190ms)
  ok  96 [chrome] › features.spec.mjs:291:1 › Ctrl+PageDown is neither handled nor prevented (KB-15) (210ms)
  ok  97 [chrome] › features.spec.mjs:326:1 › the grid is one tab stop (A11Y-4, KB-12) (241ms)
  ok  98 [chrome] › features.spec.mjs:355:1 › two instances stay independent: no --ex-* on :root, no window global (DOM-4) (92ms)
  ok  99 [chrome] › features.spec.mjs:374:1 › a header click sorts and the selection is untouched by it (SR-1) (180ms)
  ok 100 [chrome] › features.spec.mjs:388:1 › a display-only grid does not take printable keys away from the page (ADR-0010/0020) (281ms)
  ok 101 [chrome] › features.spec.mjs:415:1 › Escape returns the keyboard from a descendant control to the grid (ADR-0020/0012) (304ms)
  ok 102 [chrome] › features.spec.mjs:450:1 › Space enters a cell with several actions; the arrows choose and Space fires once (KB-20/KB-21, ADR-0037) (560ms)
  ok 103 [chrome] › features.spec.mjs:477:1 › inside a cell Enter never fires: it leaves and moves down (KB-22, ADR-0020/0037) (398ms)
  ok 104 [chrome] › features.spec.mjs:489:1 › Escape leaves an Interactive cell and the grid keeps the keyboard (KB-22, ADR-0037) (324ms)
  ok 105 [chrome] › features.spec.mjs:500:1 › Space puts the caret in a Template cell's field, and Escape brings the keyboard back (KB-23/KB-24, ADR-0037) (413ms)
  ok 106 [chrome] › features.spec.mjs:517:1 › a held Space fires a one-action cell once (KB-26, ADR-0037) (418ms)
  ok 107 [chrome] › features.spec.mjs:531:1 › holding Space to enter a cell fires nothing (KB-26, ADR-0037) (483ms)
  ok 108 [chrome] › features.spec.mjs:545:1 › Shift+Tab from after the grid lands on the root, not on a button inside it (A11Y-17, ADR-0037) (335ms)
  ok 109 [chrome] › features.spec.mjs:567:1 › the chosen action is outlined, with and without forced colors (UX-14, ADR-0029/0037) (775ms)
  ok 110 [chrome] › features.spec.mjs:583:1 › a press dragged off an action leaves no button holding the keyboard, and Enter fires nothing (KB-27, ADR-0020/0037) (670ms)
  ok 111 [chrome] › find.spec.mjs:28:9 › under the builtin Chrome › Ctrl+F opens the grid's panel, the keys typed after it land in its field, and Enter steps (FD-1/FD-3/FD-5, ADR-0055) (649ms)
  ok 112 [chrome] › find.spec.mjs:52:9 › under the builtin Chrome › a capital and a Shift+Enter typed straight after Ctrl+F keep their meaning (ADR-0055/0010, ED-22) (469ms)
  ok 113 [chrome] › find.spec.mjs:65:9 › under the builtin Chrome › a match beyond the painted rows is reached and revealed (FD-5, ADR-0055) (577ms)
  ok 114 [chrome] › find.spec.mjs:77:9 › under the builtin Chrome › with a range selected, Find searches it and the selection stands (FD-4/FD-5, ADR-0055) (501ms)
  ok 115 [chrome] › find.spec.mjs:92:9 › under the builtin Chrome › nothing found is said, in a live region (FD-6, ADR-0055) (233ms)
  ok 116 [chrome] › find.spec.mjs:103:9 › under the builtin Chrome › Ctrl+F in the find field selects its text, and the browser's find stays shut (FD-1, ADR-0055) (275ms)
  ok 117 [chrome] › find.spec.mjs:117:9 › under the builtin Chrome › Ctrl+F in a column's popover opens Find in its place (FD-1, ADR-0055) (200ms)
  ok 118 [chrome] › find.spec.mjs:130:9 › under the builtin Chrome › Ctrl+F in the Context Menu, and in the filter's text field, opens Find in its place (FD-1, ADR-0055) (526ms)
  ok 119 [chrome] › find.spec.mjs:153:9 › under the builtin Chrome › a Ctrl+F typed straight after Alt+Down opens Find, and the letters after it land in its field (FD-1, ED-22, ADR-0055) (192ms)
  ok 120 [chrome] › find.spec.mjs:167:9 › under the builtin Chrome › Escape closes the panel and hands the keyboard back to the grid (FD-3, ADR-0055) (358ms)
  ok 121 [chrome] › find.spec.mjs:28:9 › under the mud Chrome › Ctrl+F opens the grid's panel, the keys typed after it land in its field, and Enter steps (FD-1/FD-3/FD-5, ADR-0055) (584ms)
  ok 122 [chrome] › find.spec.mjs:52:9 › under the mud Chrome › a capital and a Shift+Enter typed straight after Ctrl+F keep their meaning (ADR-0055/0010, ED-22) (516ms)
  ok 123 [chrome] › find.spec.mjs:65:9 › under the mud Chrome › a match beyond the painted rows is reached and revealed (FD-5, ADR-0055) (678ms)
  ok 124 [chrome] › find.spec.mjs:77:9 › under the mud Chrome › with a range selected, Find searches it and the selection stands (FD-4/FD-5, ADR-0055) (558ms)
  ok 125 [chrome] › find.spec.mjs:92:9 › under the mud Chrome › nothing found is said, in a live region (FD-6, ADR-0055) (276ms)
  ok 126 [chrome] › find.spec.mjs:103:9 › under the mud Chrome › Ctrl+F in the find field selects its text, and the browser's find stays shut (FD-1, ADR-0055) (258ms)
  ok 127 [chrome] › find.spec.mjs:117:9 › under the mud Chrome › Ctrl+F in a column's popover opens Find in its place (FD-1, ADR-0055) (242ms)
  ok 128 [chrome] › find.spec.mjs:130:9 › under the mud Chrome › Ctrl+F in the Context Menu, and in the filter's text field, opens Find in its place (FD-1, ADR-0055) (618ms)
  ok 129 [chrome] › find.spec.mjs:153:9 › under the mud Chrome › a Ctrl+F typed straight after Alt+Down opens Find, and the letters after it land in its field (FD-1, ED-22, ADR-0055) (368ms)
  ok 130 [chrome] › find.spec.mjs:167:9 › under the mud Chrome › Escape closes the panel and hands the keyboard back to the grid (FD-3, ADR-0055) (438ms)
  ok 131 [chrome] › find.spec.mjs:180:1 › Tab stays inside the find panel (FD-8, ADR-0055/0039) (327ms)
  ok 132 [chrome] › find.spec.mjs:195:1 › the find panel stands inside the grid's box (FD-8, ADR-0055/0040) (251ms)
  ok 133 [chrome] › find.spec.mjs:212:1 › a grid with nothing to search takes Ctrl+F and opens nothing (FD-1/FD-2, ADR-0055) (267ms)
  ok 134 [chrome] › find.spec.mjs:227:1 › in the Cell Editor Ctrl+F does nothing (FD-1, ADR-0055) (311ms)
  ok 135 [chrome] › gestures.spec.mjs:21:1 › a leaf drag reorders within its group and clamps at its edge (HG-14/HG-15) (580ms)
  ok 136 [chrome] › gestures.spec.mjs:40:1 › grabbing a group rectangle moves the whole group (HG-14) (288ms)
  ok 137 [chrome] › gestures.spec.mjs:55:1 › a resize drag with a real mouse applies on release (ADR-0016) (261ms)
  ok 138 [chrome] › gestures.spec.mjs:71:1 › a drag past MaxWidth is recorded as it came and painted at that width (ADR-0016, FN-12) (344ms)
  ok 139 [chrome] › gestures.spec.mjs:88:1 › pasting onto an off-screen selection works, and the indicator showed first (PST-3) (338ms)
  ok 140 [chrome] › gestures.spec.mjs:104:1 › a ~10MB paste parses without freezing the grid (PST-5, PST-6 recorded, ADR-0052) (2.0s)
  ok 141 [chrome] › gestures.spec.mjs:137:1 › the focus outline holds 3:1 against the cell ground under the default theme (UX-9) (220ms)
  ok 142 [chrome] › gestures.spec.mjs:162:1 › narrowing the scrollbar by token changes the gutter and the geometry follows (UX-10) (371ms)
  ok 143 [chrome] › gestures.spec.mjs:198:1 › a composing IME keydown is never taken (ED-11, the listener guard) (150ms)
  ok 144 [chrome] › harness.spec.mjs:32:1 › a spec file boots its app once, at the index (ADR-0056) (432ms)
  ok 145 [chrome] › harness.spec.mjs:40:1 › the next test mounts its page afresh on the same document (ADR-0056) (178ms)
  ok 146 [chrome] › harness.spec.mjs:47:1 › what a test changed through the harness is put back when it ends (ADR-0056) (156ms)
  ok 147 [chrome] › harness.spec.mjs:78:1 › the next test finds none of it (ADR-0056) (130ms)
  ok 148 [chrome] › harness.spec.mjs:108:9 › a change made behind the harness's back is named, and the page is not handed on (ADR-0056) › a native stubbed with page.evaluate (216ms)
  ok 149 [chrome] › harness.spec.mjs:115:5 › a change made behind the harness's back is named, and the page is not handed on (ADR-0056) › after it, the next test has a document of its own (374ms)
  ok 150 [chrome] › harness.spec.mjs:123:9 › a change made behind the harness's back is named, and the page is not handed on (ADR-0056) › a native stubbed on its instance rather than its prototype (147ms)
  ok 151 [chrome] › harness.spec.mjs:134:9 › a change made behind the harness's back is named, and the page is not handed on (ADR-0056) › an element left in the head (400ms)
  ok 152 [chrome] › harness.spec.mjs:148:9 › a change made behind the harness's back is named, and the page is not handed on (ADR-0056) › an attribute left on the grid's parent (363ms)
  ok 153 [chrome] › harness.spec.mjs:156:9 › a change made behind the harness's back is named, and the page is not handed on (ADR-0056) › a rule inserted into a stylesheet, which the markup does not show (412ms)
  ok 154 [chrome] › harness.spec.mjs:164:9 › a change made behind the harness's back is named, and the page is not handed on (ADR-0056) › a global left on window (408ms)
  ok 155 [chrome] › harness.spec.mjs:171:1 › a test that leaves a key held hands no page on (ADR-0056) (356ms)
  ok 156 [chrome] › harness.spec.mjs:177:1 › after it, the next test boots, with no key held (ADR-0056) (369ms)
  ok 157 [chrome] › harness.spec.mjs:186:1 › a test that leaves a mouse button held hands no page on (ADR-0056) (124ms)
  ok 158 [chrome] › harness.spec.mjs:193:1 › after it too, the next test boots (ADR-0056) (418ms)
  x  159 [chrome] › harness.spec.mjs:199:1 › a test whose console reports an error hands no page on (ADR-0056) (152ms)
  ok 160 [chrome] › harness.spec.mjs:206:1 › after that, the next test boots (ADR-0056) (405ms)
  x  161 [chrome] › harness.spec.mjs:212:1 › a test that fails hands no page on (ADR-0056) (71ms)
  ok 162 [chrome] › harness.spec.mjs:219:1 › after a failure, the next test boots (ADR-0056) (410ms)
  ok 163 [chrome] › harness.spec.mjs:227:5 › a test that asks for a document of its own loads its page for real (ADR-0056) (269ms)
  ok 164 [chrome] › inspector-edits.spec.mjs:44:1 › RI-16: an approval from the inspector reaches the grid as a new instance, and the inspector shows it without a banner (ADR-0003) (532ms)
  ok 165 [chrome] › inspector-edits.spec.mjs:56:1 › RI-17: a change elsewhere raises the banner with the new value, keeps the old one shown, and disables the actions until reloaded (339ms)
  ok 166 [chrome] › inspector-edits.spec.mjs:76:1 › RI-18: a row deleted elsewhere says so, and its inspector acts on nothing (260ms)
  ok 167 [chrome] › inspector-edits.spec.mjs:86:1 › RI-19: an approval pressed before the news of a change arrives is refused by the store, and says why (299ms)
  ok 168 [chrome] › inspector-edits.spec.mjs:109:1 › RI-24: a deletion stays said, whatever news about the trade arrives after it (360ms)
  ok 169 [chrome] › inspector-edits.spec.mjs:125:1 › RI-25: an inspector opened while news is held back shows what the grid showed, and learns of the change when it is announced (345ms)
  ok 170 [chrome] › inspector-edits.spec.mjs:137:1 › RI-20: a note records the version it was written against, and is marked once the trade has moved on (359ms)
  ok 171 [chrome] › inspector-edits.spec.mjs:154:1 › RI-21: the inspector follows its trade by key when an approval moves it under the sort (302ms)
  -  172 [chrome] › inspector-edits.spec.mjs:171:1 › RI-22: on WebAssembly the page says there is nobody to share the store with
  ok 173 [chrome] › inspector-edits.spec.mjs:177:1 › RI-23: on the Server host, an approval in another tab raises the banner in this one (ADR-0018) (670ms)
  x  174 [chrome] › inspectors.spec.mjs:88:5 › RI-4: modal, by click, handler returning once the dialog is shown: the keyboard is in the inspector, and back in the grid when it closes (ADR-0020/0037) (1.0s)
  ok 175 [chrome] › inspectors.spec.mjs:105:5 › RI-26: modal, by click from outside the grid, handler returning once the dialog is shown: closing gives the keyboard back to where it was, not to the grid (ADR-0037) (953ms)
  ok 176 [chrome] › inspectors.spec.mjs:116:5 › RI-5: modal, by Space, handler returning once the dialog is shown: the keyboard is in the inspector (ADR-0020/0037) (698ms)
  ok 177 [chrome] › inspectors.spec.mjs:88:5 › RI-4: modal, by click, handler awaiting the dialog's result: the keyboard is in the inspector, and back in the grid when it closes (ADR-0020/0037) (748ms)
  ok 178 [chrome] › inspectors.spec.mjs:105:5 › RI-26: modal, by click from outside the grid, handler awaiting the dialog's result: closing gives the keyboard back to where it was, not to the grid (ADR-0037) (697ms)
  ok 179 [chrome] › inspectors.spec.mjs:116:5 › RI-5: modal, by Space, handler awaiting the dialog's result: the keyboard is in the inspector (ADR-0020/0037) (643ms)
  ok 180 [chrome] › inspectors.spec.mjs:124:1 › RI-6: floating, by click: the keyboard is in the inspector just opened (ADR-0020/0037) (921ms)
  ok 181 [chrome] › inspectors.spec.mjs:136:1 › RI-7: floating, by Space: the keyboard is in the inspector (ADR-0020/0037) (681ms)
  ok 182 [chrome] › inspectors.spec.mjs:144:1 › RI-8: floating: a row whose inspector is open brings it to the front instead of opening another (476ms)
  ok 183 [chrome] › inspectors.spec.mjs:157:1 › RI-9: floating: an inspector is dragged by its title bar, and closes on its own (550ms)
  ok 184 [chrome] › inspectors.spec.mjs:183:1 › RI-10: the marked rows open as inspectors, one each, and the count names the ones outside the filter (ADR-0043) (403ms)
  ok 185 [chrome] › inspectors.spec.mjs:202:1 › RI-11: the marks survive a sort, so the rows opened are the rows ticked (ADR-0043) (368ms)
  ok 186 [chrome] › inspectors.spec.mjs:217:1 › RI-12: above the cap the marked rows are refused by count, and nothing opens (360ms)
  ok 187 [chrome] › inspectors.spec.mjs:230:1 › RI-13: modal: the marked rows open one after another, and Escape ends the queue (1.4s)
  ok 188 [chrome] › inspectors.spec.mjs:255:1 › RI-14: Enter on the Inspect cell moves down and opens nothing (ADR-0020) (577ms)
  ok 189 [chrome] › inspectors.spec.mjs:266:1 › RI-15: while a modal inspector stands, the grid behind it cannot be pressed (761ms)
  ok 190 [chrome] › marks.spec.mjs:41:1 › after "mark all", rows scrolled to far away paint ticked (MK-6) (891ms)
  ok 191 [chrome] › marks.spec.mjs:56:1 › a filter keeps the marks and names the ones outside it (MK-7) (478ms)
  ok 192 [chrome] › marks.spec.mjs:72:1 › Space in the Mark Column brings the selected rows into line (MK-1) (262ms)
  ok 193 [chrome] › marks.spec.mjs:95:1 › a row arriving after "mark all" is not marked, and the header turns to "some" (MK-8) (342ms)
  ok 194 [chrome] › marks.spec.mjs:106:1 › an action over a mark whose row was deleted elsewhere reports it as gone (ADR-0043) (273ms)
  -  195 [chrome] › measure.spec.mjs:32:1 › what the pointer reports cost on a circuit, at 0, 50 and 150 ms round trip (SRV-6)
  -  196 [chrome] › measure.spec.mjs:111:1 › how long the stale band stands while the window is dragged over a Stretch grid, at 0, 50 and 150 ms round trip (§21.9, ADR-0028)
  ok 197 [chrome] › memory.spec.mjs:82:1 › mounting and disposing the grid fifty times returns nodes and listeners to baseline (MEM-2) (5.1s)
  ok 198 [chrome] › memory.spec.mjs:117:1 › disposal takes the module's listeners off the root, and the count comes back (MEM-4) (602ms)
  -  199 [chrome] › memory.spec.mjs:159:1 › a ten-minute scripted scroll does not grow the JS heap (MEM-5, MEM-6)
  ok 200 [chrome] › mud-app.spec.mjs:111:1 › WR-7: a grid in a tab that was hidden paints correctly once its tab is shown (ADR-0028) (1.1s)
  x  201 [chrome] › mud-app.spec.mjs:165:1 › WR-7: a Drawer toggle resizes the Stretch grid and its geometry follows (ADR-0028) (5.3s)
  ok 202 [chrome] › mud-app.spec.mjs:212:1 › WR-7: the two grids on the main area stay independent (DOM-4, ADR-0018, ADR-0052) (804ms)
  ok 203 [chrome] › mud-app.spec.mjs:259:1 › WR-7: the toolbar's MudSelect and the grids never interfere (ADR-0018/0039/0052) (736ms)
  ok 204 [chrome] › mud-app.spec.mjs:320:1 › WR-7: a grid in a MudDialog opens its popovers whole inside its box, and its Inner Popups above the dialog (ADR-0040/0039) (908ms)
  ok 205 [chrome] › mud-app.spec.mjs:386:1 › WR-9: the application's own controls — theme, tabs, dialog — keep the console clean (CON-1/2/3/6) (935ms)
  ok 206 [chrome] › mud-app.spec.mjs:405:1 › WR-5 (setup): /features?chrome=mud runs its grids under MudGridChrome, and the column menu opens (FN-17, UX-11) (510ms)
  ok 207 [chrome] › mud-app.spec.mjs:432:1 › WR-6: Striped paints the palette's table-stripe colour in both schemes, and a switch re-renders no row (ADR-0038/0030, RR-1) (294ms)
  ok 208 [chrome] › mud.spec.mjs:41:1 › the painted geometry equals the declared metrics under the real Wrapper stylesheet (UX-3) (583ms)
  ok 209 [chrome] › mud.spec.mjs:62:1 › nothing under the Viewport transitions or animates with the Wrapper loaded (UX-6) (114ms)
  ok 210 [chrome] › mud.spec.mjs:80:1 › the focus outline and the selection fill stay visible under the Wrapper theme, light and dark (UX-9) (320ms)
  ok 211 [chrome] › mud.spec.mjs:110:1 › a loss is painted in the palette's error colour by the Consumer's tone rule, and only there (ADR-0006, FN-7a) (184ms)
  ok 212 [chrome] › mud.spec.mjs:132:1 › a theme switch re-renders nothing inside the grid: the rows are the same elements (RR-1) (230ms)
  ok 213 [chrome] › mud.spec.mjs:150:1 › the row under the pointer is highlighted by an overlay band, in the hovered instance only (UX-13) (381ms)
  ok 214 [chrome] › mud.spec.mjs:175:1 › the Wrapper's editor opens inside the core's box with the typed character, and commits (ED-4, ADR-0030) (447ms)
  ok 215 [chrome] › mud.spec.mjs:206:1 › the loading bar is a MudProgressLinear where the core places its seam, only while loading (273ms)
  ok 216 [chrome] › mud.spec.mjs:218:1 › the paper's corners: rounded with an inset, square flush; the grid's own box is untouched (270ms)
  ok 217 [chrome] › navigation.spec.mjs:33:1 › RI-1: the index at / lists every routed page, once (349ms)
  ok 218 [chrome] › navigation.spec.mjs:47:1 › RI-2: the Row Identity demo that was at / is at /identity (150ms)
  ok 219 [chrome] › navigation.spec.mjs:54:1 › RI-3: every page opens from the index, names itself, and leads back to it (clean console) (2.7s)
  ok 220 [chrome] › observational.spec.mjs:133:5 › mount to first painted row at 10⁶ rows (BIG-7) (261ms)
  ok 221 [chrome] › observational.spec.mjs:146:1 › the DOM, the settle repaint and the frame intervals, virtualised and not (DOM-5, PF-6, BIG-6) (16.4s)
  ok 222 [chrome] › observational.spec.mjs:188:1 › a selection drag, one row a step, costs this much per step (PF-7) (2.2s)
  ok 223 [chrome] › popovers.spec.mjs:118:9 › under the builtin Chrome › a secondary click opens the grid's menu, not the browser's (CTX-1/CTX-5, ADR-0036) (443ms)
  ok 224 [chrome] › popovers.spec.mjs:144:9 › under the builtin Chrome › a secondary click outside the selection moves it first (CTX-1, ADR-0036) (151ms)
  ok 225 [chrome] › popovers.spec.mjs:155:9 › under the builtin Chrome › a Consumer command receives the clicked row and the selection (CTX-3, ADR-0036) (277ms)
  ok 226 [chrome] › popovers.spec.mjs:165:9 › under the builtin Chrome › the ContextMenu key opens it on the Focus (CTX-4, ADR-0036) (193ms)
  ok 227 [chrome] › popovers.spec.mjs:176:9 › under the builtin Chrome › popovers are not clipped by the scroll container and stay per instance (UX-11) (375ms)
  ok 228 [chrome] › popovers.spec.mjs:198:9 › under the builtin Chrome › a popover taller than its grid stays inside the grid's box and scrolls (UX-11, ADR-0040) (190ms)
  ok 229 [chrome] › popovers.spec.mjs:216:9 › under the builtin Chrome › Alt+↓ opens the Focus column's menu, and the menu takes the keyboard (KB-28/KB-29, ADR-0039) (212ms)
  ok 230 [chrome] › popovers.spec.mjs:227:9 › under the builtin Chrome › every popover takes the keyboard when it opens, by pointer or by key (KB-29, ADR-0039) (434ms)
  ok 231 [chrome] › popovers.spec.mjs:249:9 › under the builtin Chrome › a grid that goes while keys wait for its popover leaves nothing running (ADR-0010, CON-2) (275ms)
  ok 232 [chrome] › popovers.spec.mjs:269:9 › under the builtin Chrome › however a popover closes, the keyboard is back on the grid and the arrows move the Focus (KB-32, ADR-0039) (792ms)
  ok 233 [chrome] › popovers.spec.mjs:308:9 › under the builtin Chrome › in a menu the arrows, Home and End move among the enabled items and wrap (KB-30, ADR-0039) (668ms)
  ok 234 [chrome] › popovers.spec.mjs:336:13 › under the builtin Chrome › in a menu Enter runs the item and closes it (KB-30, ADR-0039) (392ms)
  ok 235 [chrome] › popovers.spec.mjs:336:13 › under the builtin Chrome › in a menu Space runs the item and closes it (KB-30, ADR-0039) (367ms)
  ok 236 [chrome] › popovers.spec.mjs:352:13 › under the builtin Chrome › over a filter, Tab on a command moves to the search box — nothing runs, nothing closes (FL-12, KB-30, ADR-0044) (274ms)
  ok 237 [chrome] › popovers.spec.mjs:352:13 › under the builtin Chrome › over a filter, Shift+Tab on a command moves to Cancel — nothing runs, nothing closes (FL-12, KB-30, ADR-0044) (320ms)
  ok 238 [chrome] › popovers.spec.mjs:370:9 › under the builtin Chrome › the Context Menu answers the same keys, and Tab closes it (KB-30, ADR-0039) (448ms)
  ok 239 [chrome] › popovers.spec.mjs:385:9 › under the builtin Chrome › Tab and Shift+Tab wrap through both halves of the popover (KB-31, FL-12, ADR-0044) (737ms)
  ok 240 [chrome] › popovers.spec.mjs:415:9 › under the builtin Chrome › the letters: S sorts, E goes to the search box where "e" is text, C clears (FL-15, FL-16, ADR-0044) (837ms)
  ok 241 [chrome] › popovers.spec.mjs:459:9 › under the builtin Chrome › on the value list the letters act too: E goes back to the search box, O sorts (FL-15, ADR-0044) (553ms)
  ok 242 [chrome] › popovers.spec.mjs:494:9 › under the builtin Chrome › where no value list stands, E goes to the condition's value, where a search is typed (FL-15, ADR-0044) (376ms)
  ok 243 [chrome] › popovers.spec.mjs:511:9 › under the builtin Chrome › E on a checkbox outside the value list holds nothing: a Space after it ticks at once (ADR-0010/0044) (673ms)
  ok 244 [chrome] › popovers.spec.mjs:542:9 › under the builtin Chrome › Enter in the value field applies exactly what OK applies (KB-31, ADR-0039) (912ms)
  ok 245 [chrome] › popovers.spec.mjs:551:9 › under the builtin Chrome › a pointer-down elsewhere in the instance dismisses a popover and keeps its own meaning (KB-17, ADR-0010/0039) (451ms)
  ok 246 [chrome] › popovers.spec.mjs:568:9 › under the builtin Chrome › a column's popover is a dialog holding a menu, both named by its header; the Context Menu a menu (A11Y-19, ADR-0039/0044) (311ms)
  ok 247 [chrome] › popovers.spec.mjs:118:9 › under the mud Chrome › a secondary click opens the grid's menu, not the browser's (CTX-1/CTX-5, ADR-0036) (210ms)
  ok 248 [chrome] › popovers.spec.mjs:144:9 › under the mud Chrome › a secondary click outside the selection moves it first (CTX-1, ADR-0036) (207ms)
  ok 249 [chrome] › popovers.spec.mjs:155:9 › under the mud Chrome › a Consumer command receives the clicked row and the selection (CTX-3, ADR-0036) (312ms)
  ok 250 [chrome] › popovers.spec.mjs:165:9 › under the mud Chrome › the ContextMenu key opens it on the Focus (CTX-4, ADR-0036) (233ms)
  ok 251 [chrome] › popovers.spec.mjs:176:9 › under the mud Chrome › popovers are not clipped by the scroll container and stay per instance (UX-11) (382ms)
  ok 252 [chrome] › popovers.spec.mjs:198:9 › under the mud Chrome › a popover taller than its grid stays inside the grid's box and scrolls (UX-11, ADR-0040) (312ms)
  ok 253 [chrome] › popovers.spec.mjs:216:9 › under the mud Chrome › Alt+↓ opens the Focus column's menu, and the menu takes the keyboard (KB-28/KB-29, ADR-0039) (236ms)
  ok 254 [chrome] › popovers.spec.mjs:227:9 › under the mud Chrome › every popover takes the keyboard when it opens, by pointer or by key (KB-29, ADR-0039) (608ms)
  ok 255 [chrome] › popovers.spec.mjs:249:9 › under the mud Chrome › a grid that goes while keys wait for its popover leaves nothing running (ADR-0010, CON-2) (308ms)
  ok 256 [chrome] › popovers.spec.mjs:269:9 › under the mud Chrome › however a popover closes, the keyboard is back on the grid and the arrows move the Focus (KB-32, ADR-0039) (878ms)
  ok 257 [chrome] › popovers.spec.mjs:308:9 › under the mud Chrome › in a menu the arrows, Home and End move among the enabled items and wrap (KB-30, ADR-0039) (886ms)
  ok 258 [chrome] › popovers.spec.mjs:336:13 › under the mud Chrome › in a menu Enter runs the item and closes it (KB-30, ADR-0039) (424ms)
  ok 259 [chrome] › popovers.spec.mjs:336:13 › under the mud Chrome › in a menu Space runs the item and closes it (KB-30, ADR-0039) (393ms)
  ok 260 [chrome] › popovers.spec.mjs:352:13 › under the mud Chrome › over a filter, Tab on a command moves to the search box — nothing runs, nothing closes (FL-12, KB-30, ADR-0044) (685ms)
  ok 261 [chrome] › popovers.spec.mjs:352:13 › under the mud Chrome › over a filter, Shift+Tab on a command moves to Cancel — nothing runs, nothing closes (FL-12, KB-30, ADR-0044) (650ms)
  ok 262 [chrome] › popovers.spec.mjs:370:9 › under the mud Chrome › the Context Menu answers the same keys, and Tab closes it (KB-30, ADR-0039) (457ms)
  ok 263 [chrome] › popovers.spec.mjs:385:9 › under the mud Chrome › Tab and Shift+Tab wrap through both halves of the popover (KB-31, FL-12, ADR-0044) (695ms)
  ok 264 [chrome] › popovers.spec.mjs:415:9 › under the mud Chrome › the letters: S sorts, E goes to the search box where "e" is text, C clears (FL-15, FL-16, ADR-0044) (890ms)
  ok 265 [chrome] › popovers.spec.mjs:459:9 › under the mud Chrome › on the value list the letters act too: E goes back to the search box, O sorts (FL-15, ADR-0044) (633ms)
  ok 266 [chrome] › popovers.spec.mjs:494:9 › under the mud Chrome › where no value list stands, E goes to the condition's value, where a search is typed (FL-15, ADR-0044) (390ms)
  ok 267 [chrome] › popovers.spec.mjs:511:9 › under the mud Chrome › E on a checkbox outside the value list holds nothing: a Space after it ticks at once (ADR-0010/0044) (737ms)
  ok 268 [chrome] › popovers.spec.mjs:542:9 › under the mud Chrome › Enter in the value field applies exactly what OK applies (KB-31, ADR-0039) (960ms)
  ok 269 [chrome] › popovers.spec.mjs:551:9 › under the mud Chrome › a pointer-down elsewhere in the instance dismisses a popover and keeps its own meaning (KB-17, ADR-0010/0039) (572ms)
  ok 270 [chrome] › popovers.spec.mjs:568:9 › under the mud Chrome › a column's popover is a dialog holding a menu, both named by its header; the Context Menu a menu (A11Y-19, ADR-0039/0044) (361ms)
  ok 271 [chrome] › popovers.spec.mjs:617:5 › Inner Popups under the mud Chrome › an Inner Popup is drawn outside the root, and opening it disturbs neither grid (FN-21) (358ms)
  ok 272 [chrome] › popovers.spec.mjs:643:9 › Inner Popups under the mud Chrome › a pointer-down elsewhere in the instance closes the operator list and the panel, and keeps its meaning (FN-21, ModalOverlay off) (432ms)
  ok 273 [chrome] › popovers.spec.mjs:643:9 › Inner Popups under the mud Chrome › a pointer-down elsewhere in the instance closes the date calendar and the panel, and keeps its meaning (FN-21, ModalOverlay off) (477ms)
  ok 274 [chrome] › popovers.spec.mjs:671:9 › Inner Popups under the mud Chrome › Escape closes the operator list first, and the next Escape the panel (FN-21, KB-32) (501ms)
  ok 275 [chrome] › popovers.spec.mjs:671:9 › Inner Popups under the mud Chrome › Escape closes the date calendar first, and the next Escape the panel (FN-21, KB-32) (629ms)
  ok 276 [chrome] › popovers.spec.mjs:693:5 › Inner Popups under the mud Chrome › under ModalOverlay the press is the overlay's: only the Inner Popup closes, and Escape then closes the panel (FN-21) (606ms)
  ok 277 [chrome] › popovers.spec.mjs:718:5 › Inner Popups under the mud Chrome › choosing from an Inner Popup keeps the panel, and applying hands the keyboard back to the root (FN-21, KB-32) (583ms)
  ok 278 [chrome] › presentation.spec.mjs:17:1 › geometry tokens are inline and read-only: an ancestor or stylesheet cannot move them (UX-2) (425ms)
  ok 279 [chrome] › presentation.spec.mjs:45:1 › the painted heights equal the declared metrics exactly (UX-3, ST-3) (208ms)
  ok 280 [chrome] › presentation.spec.mjs:62:1 › a Visual Token set on an ancestor recolours the paint (UX-5, the paint half) (110ms)
  ok 281 [chrome] › presentation.spec.mjs:78:1 › nothing inside the Viewport transitions or animates (UX-6) (163ms)
  ok 282 [chrome] › presentation.spec.mjs:94:1 › forced colors keep every Cell State and Row Kind tellable (UX-7, on /cells) (182ms)
  ok 283 [chrome] › presentation.spec.mjs:120:1 › under a dark scheme the untouched grid stays readable (UX-8) (294ms)
  ok 284 [chrome] › presentation.spec.mjs:143:1 › inside an RTL ancestor the grid stays an LTR island (DIR-2/DIR-3) (412ms)
  ok 285 [chrome] › presentation.spec.mjs:181:1 › a Header Group label is centred, and nothing aligns it vertically (HG-13, ADR-0032) (209ms)
  ok 286 [chrome] › presentation.spec.mjs:198:1 › the editor's box is exactly the cell's (ED-9) (177ms)
  ok 287 [chrome] › presentation.spec.mjs:218:1 › the pointer leaving the grid stops the auto-scroll (SL-14/SL-15) (1.8s)
  ok 288 [chrome] › presentation.spec.mjs:245:1 › the Blazor error UI never appears (CON-5) (201ms)
  ok 289 [chrome] › scrollbar.spec.mjs:221:5 › the Focus is never behind a scrollbar (ADR-0012/0013) › with the platform's own scrollbars (654ms)
  ok 290 [chrome] › scrollbar.spec.mjs:231:5 › the Focus is never behind a scrollbar (ADR-0012/0013) › with scrollbars that occupy layout (383ms)
  ok 291 [chrome] › scrollbar.spec.mjs:257:5 › the Focus is never behind a scrollbar (ADR-0012/0013) › at every zoom level, after moving again (1.1s)
  ok 292 [chrome] › scrollbar.spec.mjs:336:5 › on a Windows desktop at fractional display scaling (VZ-14) › the Focus stays readable with the OS doing the scaling (500ms)
  ok 293 [chrome] › sheet-vs-excel.spec.mjs:124:1 › item 1: Ctrl+Down stops at each block edge, then the last row (ADR-0050 §2, ticket 07) (6.4s)
  ok 294 [chrome] › sheet-vs-excel.spec.mjs:155:1 › item 2: Ctrl+Shift+Right from inside a row block selects to its end, then to the last column (ADR-0050 §2, ADR-0052, ticket 07) (3.3s)
  ok 295 [chrome] › sheet-vs-excel.spec.mjs:177:1 › item 3: a column letter selects the column, Shift+click extends, the Focus on the top visible row (ADR-0050 §1, ADR-0052, ticket 06) (919ms)
  ok 296 [chrome] › sheet-vs-excel.spec.mjs:198:1 › item 4: a row number selects the row, Shift+click extends, the Focus in the first column on screen (ADR-0050 §1, ADR-0052, ticket 06) (752ms)
  ok 297 [chrome] › sheet-vs-excel.spec.mjs:213:1 › item 5: the corner selects every cell, the Focus on the top-left visible cell (ADR-0050 §1, ADR-0052, ticket 06) (716ms)
  ok 298 [chrome] › sheet-vs-excel.spec.mjs:245:1 › active cell, case 1: Shift+arrows move the far corner, the Focus stays, and the view follows the Extent (ADR-0052) (7.1s)
  ok 299 [chrome] › sheet-vs-excel.spec.mjs:260:1 › active cell, case 2: while a drag is held the Name Box shows 4R x 3C, and D5 stays active after D5 to B2 (ADR-0052) (623ms)
  ok 300 [chrome] › sheet-vs-excel.spec.mjs:273:1 › active cell, case 3: after Enter, Shift+arrow moves the edge opposite the Focus, and nothing from the middle (ADR-0052) (2.3s)
  ok 301 [chrome] › sheet-vs-excel.spec.mjs:299:1 › active cell, case 6: Ctrl+click on the active cell takes it out and the first remaining cell of the range made last is active (ADR-0052) (1.1s)
  ok 302 [chrome] › sheet-vs-excel.spec.mjs:312:1 › active cell, cases 7 and 8: Ctrl+. walks the corners, Ctrl+Backspace scrolls back to the Focus, Shift+Backspace collapses (ADR-0052) (2.0s)
  ok 303 [chrome] › sheet-vs-excel.spec.mjs:334:1 › active cell, cases 12 and 13: typing enters the Focus only, and Ctrl+Enter fills the Selection and moves nothing (ADR-0052) (1.5s)
  ok 304 [chrome] › sheet-vs-excel.spec.mjs:353:1 › item 6: the Name Box selects what it is given and scrolls only as far as it must (ADR-0050, ticket 09) (822ms)
  ok 305 [chrome] › sheet-vs-excel.spec.mjs:376:1 › item 7: in Enter mode an arrow key commits and moves (ADR-0012, ticket 08) (1.2s)
  ok 306 [chrome] › sheet-vs-excel.spec.mjs:389:1 › item 8: F2 on a Formula shows it with the caret at the end, and the arrows move the caret (ADR-0051, ticket 08) (1.3s)
  ok 307 [chrome] › sheet-vs-excel.spec.mjs:408:1 › item 9: Point mode by keys writes each Reference as the pointer moves (ADR-0051, ticket 11) (1.2s)
  ok 308 [chrome] › sheet-vs-excel.spec.mjs:426:1 › item 10: Point mode by mouse writes the clicked cell, then the dragged range (ADR-0051, ticket 11) (749ms)
  ok 309 [chrome] › sheet-vs-excel.spec.mjs:444:1 › item 11: F2 while pointing turns the arrows back to the caret (ADR-0051, ticket 11) (1.2s)
  ok 310 [chrome] › sheet-vs-excel.spec.mjs:457:1 › item 12: typing = in the Formula Bar and pressing Down does not point (ADR-0051, ticket 11) (661ms)
  ok 311 [chrome] › sheet-vs-excel.spec.mjs:466:1 › item 13: completion lists candidates, Tab takes one with its parenthesis, Escape closes only the list (ADR-0051, ticket 10) (1.4s)
  ok 312 [chrome] › sheet-vs-excel.spec.mjs:489:1 › item 14: the argument hint names every argument and marks the current one (ADR-0051, ticket 10) (817ms)
  ok 313 [chrome] › sheet-vs-excel.spec.mjs:501:1 › item 15: Escape in the Formula Bar cancels the edit and gives the keys back to the grid (ADR-0051, ticket 09) (986ms)
  -  314 [chrome] › sheet-vs-excel.spec.mjs:516:12 › item 16: a copied Formula pastes with its relative References shifted (ADR-0048, ticket 14)
  -  315 [chrome] › sheet-vs-excel.spec.mjs:526:12 › item 17: a 3×3 block pasted onto one cell fills 3×3 and becomes the Selection (ADR-0050, ticket 14)
  -  316 [chrome] › sheet-vs-excel.spec.mjs:539:6 › item 18: cells from Excel, and to Excel (ADR-0048, ticket 14)
  -  317 [chrome] › sheet-vs-excel.spec.mjs:552:12 › item 19: pasted text =A1+1 is a Formula (ADR-0048, ticket 14)
  -  318 [chrome] › sheet-vs-excel.spec.mjs:557:12 › item 19: pasted text 1,234 is 1234 formatted #,##0, as Excel takes it (ADR-0048, ticket 14)
  -  319 [chrome] › sheet-vs-excel.spec.mjs:562:12 › item 19 and Part A item 10: pasted text =1+ is taken as that text (ADR-0048, ticket 14)
  ok 320 [chrome] › sheet-vs-excel.spec.mjs:570:1 › item 20: the fill handle continues a series, and leaves source and target selected (ADR-0050 item 5, ADR-0052, ticket 15) (1.9s)
  ok 321 [chrome] › sheet-vs-excel.spec.mjs:581:1 › item 20: one number is copied, one date goes on by day, a Formula shifts (ADR-0050, ticket 15) (3.5s)
  ok 322 [chrome] › sheet-vs-excel.spec.mjs:596:1 › item 20: 1, 2, 4 continue as Excel's trend, to the 15 digits Excel keeps (ADR-0050, ticket 15) (2.7s)
  ok 323 [chrome] › sheet-vs-excel.spec.mjs:608:1 › item 20: a series filled up goes backwards, and the Focus stays on the source (ADR-0050, ADR-0052, ticket 15) (2.0s)
  ok 324 [chrome] › sheet-vs-excel.spec.mjs:621:1 › item 20: text in two cells filled left repeats backwards (ADR-0050, ticket 15) (1.9s)
  ok 325 [chrome] › sheet-vs-excel.spec.mjs:632:1 › item 20: Item 1, Mon and a date with a time are refused, by decision (ADR-0050) (3.4s)
  ok 326 [chrome] › sheet-vs-excel.spec.mjs:644:1 › item 21: with several ranges selected there is no fill handle (ADR-0050, ticket 15) (644ms)
  ok 327 [chrome] › sheet-vs-excel.spec.mjs:654:1 › item 22: inserting rows above a selected range keeps the Selection where it was, and the Focus (ADR-0046, ADR-0052, ticket 13) (739ms)
  x  328 [chrome] › sheet-vs-excel.spec.mjs:666:1 › item 23: deleting a row a Formula references writes #REF! in its place (ADR-0046, ticket 13) (1.4s)
  -  329 [chrome] › sheet-vs-excel.spec.mjs:677:6 › item 24: a rename is undone by Ctrl+Z, as Excel undoes it (ADR-0048, ticket 12)
  ok 330 [chrome] › sheet-vs-excel.spec.mjs:685:1 › item 25: a long text is cut with an ellipsis, by decision; Excel lets it run over (ADR-0046) (977ms)
  ok 331 [chrome] › sheet-vs-excel.spec.mjs:693:1 › item 26: a number too wide for its column shows #### (ADR-0016) (924ms)
  ok 332 [chrome] › sheet-vs-excel.spec.mjs:703:1 › item 27: every cell of a cycle and its dependents is #CIRC!, by decision; Excel shows 0 (ADR-0047) (1.7s)
  ok 333 [chrome] › sheet.spec.mjs:32:1 › SH-18: an Entry and a Formula typed into cells commit, compute and move the Focus down (3.3s)
  ok 334 [chrome] › sheet.spec.mjs:56:1 › SH-18/DC-7: Ctrl+arrow stops at the end of each block, Ctrl+Shift+arrow extends to it (3.7s)
  ok 335 [chrome] › sheet.spec.mjs:81:1 › SH-18/DC-2/DC-3: a column heading, a Row Heading and the corner select, and nothing sorts (2.5s)
  ok 336 [chrome] › sheet.spec.mjs:138:1 › DC-3: the Row Headings stay at the left edge while the Sheet scrolls sideways (2.1s)
  ok 337 [chrome] › sheet.spec.mjs:174:1 › SH-18/DC-11: the Name Box takes the Focus to an address, scrolled into view (2.6s)
  ok 338 [chrome] › sheet.spec.mjs:198:1 › SH-18/DC-11: the Name Box pressed with an edit open commits it, then navigates (2.5s)
  ok 339 [chrome] › sheet.spec.mjs:227:1 › SH-18/DC-22: the Formula Bar and the Cell Editor are one text; each commits and cancels once (2.7s)
  ok 340 [chrome] › sheet.spec.mjs:270:1 › SH-18: inserting a row keeps every Reference naming its cell, and one Ctrl+Z restores it (2.5s)
  ok 341 [chrome] › sheet.spec.mjs:306:1 › SH-5/SH-18: deleting a row rewrites the References below it, a deleted target is #REF!, and one Ctrl+Z restores it (2.7s)
  ok 342 [chrome] › sheet.spec.mjs:345:1 › SH-5/SH-18: inserting a column rewrites every Reference across it, and one Ctrl+Z restores it (2.5s)
  ok 343 [chrome] › sheet.spec.mjs:377:1 › SH-5/SH-18: deleting a column makes a Reference to it #REF!, and one Ctrl+Z restores it (2.3s)
  ok 344 [chrome] › sheet.spec.mjs:405:1 › SH-16/SH-18: the Linked Table reads #GETTING_DATA until its first snapshot, then the values (3.9s)
  ok 345 [chrome] › sheet.spec.mjs:420:1 › SH-2: the Focus reaches XFD1048576 and the DOM does not grow with the extent (2.8s)
  ok 346 [chrome] › sheets.spec.mjs:24:1 › SH-13/DC-25: typing and Formulas stay in the Sheet that has the keyboard (939ms)
  ok 347 [chrome] › sheets.spec.mjs:46:1 › SH-13: each Sheet keeps its own undo stack (783ms)
  ok 348 [chrome] › sheets.spec.mjs:68:1 › ADR-0018: a completion list, a pointing outline and the Formula Bar belong to one Sheet (991ms)
  ok 349 [chrome] › sheets.spec.mjs:110:1 › ADR-0018: a Context Menu opens in the Sheet it was asked of, and its command acts there (233ms)
  ok 350 [chrome] › sheets.spec.mjs:129:1 › ADR-0018: a Sheet the user has pressed keeps the keyboard when the other one finishes a cancel late (2.7s)
  ok 351 [chrome] › sizing.spec.mjs:47:1 › a sorted Auto header and a Japanese Auto header paint whole (FN-12d, ADR-0016) (400ms)
  ok 352 [chrome] › sizing.spec.mjs:53:1 › a Japanese header double-clicked to fit paints whole at its fitted width (FN-12d, ADR-0016) (269ms)
  ok 353 [chrome] › sizing.spec.mjs:62:1 › a bold total the estimate fits paints whole, and a #### run fits its cell (FN-12e, ADR-0016) (552ms)
  ok 354 [chrome] › sizing.spec.mjs:77:1 › a double-click on an edge fits a value the Viewport has not painted (FN-12a, ADR-0016) (700ms)
  ok 355 [chrome] › sizing.spec.mjs:93:1 › a press on an edge that does not move reports no width and sorts nothing (FN-12b, ADR-0016) (217ms)
  ok 356 [chrome] › sizing.spec.mjs:101:1 › Shift+click on a header selects whole columns and does not sort (SR-2a, ADR-0012) (316ms)
  ok 357 [chrome] › sizing.spec.mjs:110:1 › dragging the edge of one of several whole columns resizes them all (FN-12c, ADR-0016) (400ms)
  ok 358 [chrome] › sizing.spec.mjs:125:1 › columns narrower than a wide box are not stretched, and a resize changes no column width (UX-11b, ADR-0045) (292ms)
  ok 359 [chrome] › sizing.spec.mjs:145:1 › a window narrower than the pinned block suspends pinning, and widening restores it (FN-6a, ADR-0045) (643ms)
  ok 360 [chrome] › stretch.spec.mjs:26:5 › in parents with a definite height › a sized box: the grid is the box, rows reach its bottom, and the DOM is the box's (VZ-12a, ADR-0028) (564ms)
  ok 361 [chrome] › stretch.spec.mjs:38:5 › in parents with a definite height › the rest of a flex column: the grid starts under the toolbar and ends with the column (VZ-12a, ADR-0028) (191ms)
  ok 362 [chrome] › stretch.spec.mjs:47:5 › in parents with a definite height › inside the paper: the Stretch grid takes what the toolbar leaves; a declared grid is unchanged (WR-7a, ADR-0030) (159ms)
  ok 363 [chrome] › stretch.spec.mjs:65:5 › in a parent with no height › nothing is painted and the grid names the parent (VZ-12b, ADR-0028) (672ms)
  ok 364 [chrome] › stretch.spec.mjs:80:5 › in a box that follows the window › the Viewport follows the window, both ways (VZ-12a, ADR-0028/0045) (412ms)
  ok 365 [chrome] › stretch.spec.mjs:88:5 › in a box that follows the window › a column that cannot be filtered shows its commands alone, and Tab closes them as a Cancel (KB-30, ADR-0039/0044) (419ms)
  ok 366 [chrome] › stretch.spec.mjs:106:5 › in a box that follows the window › a column menu with less than a row of room closes, and the keyboard is the grid's (UX-11a, ADR-0040) (443ms)
  ok 367 [chrome] › stripes.spec.mjs:60:1 › a pinned and a scrollable cell of one striped row paint the same ground (UX-15) (648ms)
  ok 368 [chrome] › stripes.spec.mjs:84:1 › a group or total row paints its own ground over the stripe and still counts (UX-16) (223ms)
  ok 369 [chrome] › stripes.spec.mjs:105:1 › a Cell State ground and the overlays paint over the stripe (UX-16) (510ms)
  ok 370 [chrome] › stripes.spec.mjs:129:1 › under forced colours no stripe is painted (UX-16) (206ms)
  ok 371 [chrome] › virtualisation.spec.mjs:39:1 › the far corner is reachable and painted at 10⁶ rows (BIG-1) (972ms)
  ok 372 [chrome] › virtualisation.spec.mjs:57:1 › the spacer is laid out as declared under the Layout Ceiling, and the last row ends flush (VZ-15) (416ms)
  ok 373 [chrome] › virtualisation.spec.mjs:112:1 › the element count is the same at 10³, 10⁵ and 10⁶ rows (VZ-1, BIG-2, DOM-1) (1.5s)
  ok 374 [chrome] › virtualisation.spec.mjs:125:1 › the first and the last row paint their own data, there and back again (BIG-5) (748ms)
  ok 375 [chrome] › virtualisation.spec.mjs:158:1 › a scroll to the end made as the grid becomes ready is not undone by the Layout Ceiling (BIG-5, ADR-0053) (692ms)
  ok 376 [chrome] › virtualisation.spec.mjs:191:1 › scrolling changes which rows exist, not how many elements do (ADR-0004 P1, across a scroll) (1.2s)
  ok 377 [chrome] › virtualisation.spec.mjs:207:1 › Ctrl+A over 10⁶ × 100 is one rectangle, counted as 10⁸, and the next key is answered (BIG-3, SL-6, DOM-2) (224ms)
  ok 378 [chrome] › virtualisation.spec.mjs:308:1 › a scroll frame makes at most one interop call, whatever is painted (PF-1) (3.1s)
  ok 379 [msedge] › circuit.spec.mjs:34:5 › keys typed faster than the round trip are neither lost nor reordered (ED-22, SRV-5) › a number typed at full speed is committed whole (1.7s)
  ok 380 [msedge] › circuit.spec.mjs:43:5 › keys typed faster than the round trip are neither lost nor reordered (ED-22, SRV-5) › continuous entry puts each value in its own cell (2.2s)
  ok 381 [msedge] › circuit.spec.mjs:54:5 › keys typed faster than the round trip are neither lost nor reordered (ED-22, SRV-5) › keys held behind a key that opened nothing replay as ordinary keys (692ms)
  ok 382 [msedge] › circuit.spec.mjs:64:1 › a paste past a Server hub's message limit arrives whole (CP-21, ADR-0052) (408ms)
  ok 383 [msedge] › circuit.spec.mjs:90:1 › a clipboard write the browser rejects is refused by name (CP-23) (262ms)
  ok 384 [msedge] › circuit.spec.mjs:111:1 › keys typed together in a menu run the item the keys chose (ADR-0039, SRV-5) (601ms)
  ok 385 [msedge] › circuit.spec.mjs:133:1 › keys typed straight after a key that opens a menu reach the menu (KB-33, ADR-0010/0039) (908ms)
  ok 386 [msedge] › circuit.spec.mjs:151:5 › a search typed straight after E lands whole in the search box, and Enter applies it (ADR-0044, ADR-0010, SRV-5, builtin) (1.1s)
  ok 387 [msedge] › circuit.spec.mjs:151:5 › a search typed straight after E lands whole in the search box, and Enter applies it (ADR-0044, ADR-0010, SRV-5, mud) (1.0s)
  ok 388 [msedge] › circuit.spec.mjs:178:1 › a key typed straight after a letter that runs a command waits for the popover to close (ADR-0010/0044, SRV-5) (1.1s)
  ok 389 [msedge] › circuit.spec.mjs:197:1 › a held Tab that script cannot perform stops the held typing there, rather than letting it land in the wrong field (ADR-0010/0044, SRV-5) (1.6s)
  ok 390 [msedge] › circuit.spec.mjs:229:5 › an Escape pressed straight after the operator list opens is not the grid's (KB-35, ADR-0039) (1.1s)
  ok 391 [msedge] › circuit.spec.mjs:229:5 › an Escape pressed straight after the date calendar opens is not the grid's (KB-35, ADR-0039) (1.2s)
  ok 392 [msedge] › circuit.spec.mjs:278:1 › a value typed and Enter pressed at once apply the condition (KB-31, SRV-5) (700ms)
  ok 393 [msedge] › circuit.spec.mjs:297:1 › Escape, Escape straight after an Inner Popup closes it and then the panel (ADR-0039, SRV-5) (947ms)
  ok 394 [msedge] › circuit.spec.mjs:314:1 › a menu taking the keyboard a round trip late keeps the scroll the user gave it (ADR-0039/0040, SRV-5) (927ms)
  ok 395 [msedge] › circuit.spec.mjs:338:5 › a Prerendered grid is busy and takes no tab stop until its circuit connects (A11Y-20) (601ms)
  ok 396 [msedge] › circuit.spec.mjs:360:5 › two users, one store (SRV-3, ADR-0018) › a store change reaches both, a sort reaches one, and a shared source is refused (723ms)
  ok 397 [msedge] › circuit.spec.mjs:440:9 › a click between keys is ordered with them (ED-22, ADR-0010) › with 0 ms between the steps, each value lands in the cell clicked for it (1.0s)
  ok 398 [msedge] › circuit.spec.mjs:440:9 › a click between keys is ordered with them (ED-22, ADR-0010) › with 30 ms between the steps, each value lands in the cell clicked for it (1.3s)
  ok 399 [msedge] › circuit.spec.mjs:440:9 › a click between keys is ordered with them (ED-22, ADR-0010) › with 60 ms between the steps, each value lands in the cell clicked for it (1.0s)
  ok 400 [msedge] › circuit.spec.mjs:455:5 › a click between keys is ordered with them (ED-22, ADR-0010) › a click straight after a key waits for no fallback: each step lands before the hold would give up (ED-22, ADR-0010) (2.5s)
  ok 401 [msedge] › circuit.spec.mjs:473:5 › a click between keys is ordered with them (ED-22, ADR-0010) › with a 150 ms round trip and no pause, each value lands in the cell clicked for it (SRV-5) (5.0s)
  ok 402 [msedge] › circuit.spec.mjs:505:9 › typing into an open field on a 150 ms circuit loses nothing (SRV-5, ED-22) › the Cell Editor, at 10 keys a second (builtin) (3.1s)
  ok 403 [msedge] › circuit.spec.mjs:505:9 › typing into an open field on a 150 ms circuit loses nothing (SRV-5, ED-22) › the Cell Editor, at 10 keys a second (mud) (3.1s)
  ok 404 [msedge] › circuit.spec.mjs:527:5 › typing into an open field on a 150 ms circuit loses nothing (SRV-5, ED-22) › the Name Box, at 10 keys a second (2.1s)
  ok 405 [msedge] › circuit.spec.mjs:552:1 › a ← typed as the completion list is painted is left to the editor (ADR-0051, ADR-0010) (418ms)
  ok 406 [msedge] › circuit.spec.mjs:600:9 › text typed at full speed into the grid's own fields arrives whole, under the builtin Chrome (SRV-7) › in the Cell Editor (832ms)
  ok 407 [msedge] › circuit.spec.mjs:614:9 › text typed at full speed into the grid's own fields arrives whole, under the builtin Chrome (SRV-7) › in the find field (ADR-0055) (868ms)
  ok 408 [msedge] › circuit.spec.mjs:625:9 › text typed at full speed into the grid's own fields arrives whole, under the builtin Chrome (SRV-7) › in the filter's search box (ADR-0009) (978ms)
  ok 409 [msedge] › circuit.spec.mjs:637:9 › text typed at full speed into the grid's own fields arrives whole, under the builtin Chrome (SRV-7) › in the filter's condition value (ADR-0009) (922ms)
  ok 410 [msedge] › circuit.spec.mjs:600:9 › text typed at full speed into the grid's own fields arrives whole, under the mud Chrome (SRV-7) › in the Cell Editor (988ms)
  ok 411 [msedge] › circuit.spec.mjs:614:9 › text typed at full speed into the grid's own fields arrives whole, under the mud Chrome (SRV-7) › in the find field (ADR-0055) (876ms)
  ok 412 [msedge] › circuit.spec.mjs:625:9 › text typed at full speed into the grid's own fields arrives whole, under the mud Chrome (SRV-7) › in the filter's search box (ADR-0009) (1.4s)
  ok 413 [msedge] › circuit.spec.mjs:637:9 › text typed at full speed into the grid's own fields arrives whole, under the mud Chrome (SRV-7) › in the filter's condition value (ADR-0009) (1.5s)
  ok 414 [msedge] › declarations.spec.mjs:59:9 › under the builtin Chrome › DC-17: the candidate list opens under the editor, inside the grid's box; Tab accepts (2.7s)
  ok 415 [msedge] › declarations.spec.mjs:95:9 › under the builtin Chrome › DC-17: Escape closes the list and leaves the edit open; the next Escape cancels (2.3s)
  ok 416 [msedge] › declarations.spec.mjs:108:9 › under the builtin Chrome › DC-31: with the list open, ← and → move the caret and the list stays (2.5s)
  ok 417 [msedge] › declarations.spec.mjs:134:9 › under the builtin Chrome › DC-31: a repeated letter (=SS) completes the span at the caret, and the caret sits after it (2.5s)
  ok 418 [msedge] › declarations.spec.mjs:167:9 › under the builtin Chrome › DC-17: completion works from the Formula Bar, its list inside the grid's box (2.2s)
  ok 419 [msedge] › declarations.spec.mjs:59:9 › under the mud Chrome › DC-17: the candidate list opens under the editor, inside the grid's box; Tab accepts (3.8s)
  ok 420 [msedge] › declarations.spec.mjs:95:9 › under the mud Chrome › DC-17: Escape closes the list and leaves the edit open; the next Escape cancels (3.8s)
  ok 421 [msedge] › declarations.spec.mjs:108:9 › under the mud Chrome › DC-31: with the list open, ← and → move the caret and the list stays (4.0s)
  ok 422 [msedge] › declarations.spec.mjs:134:9 › under the mud Chrome › DC-31: a repeated letter (=SS) completes the span at the caret, and the caret sits after it (4.6s)
  ok 423 [msedge] › declarations.spec.mjs:167:9 › under the mud Chrome › DC-17: completion works from the Formula Bar, its list inside the grid's box (3.8s)
  ok 424 [msedge] › declarations.spec.mjs:191:1 › DC-19: = ↓ ↓ points at F4, Shift+arrows extend, the Selection and the Focus stay put (2.5s)
  ok 425 [msedge] › declarations.spec.mjs:229:1 › DC-19: a click points at the clicked cell; Shift+click extends (2.4s)
  ok 426 [msedge] › declarations.spec.mjs:247:1 › DC-19: F2 switches from pointing to moving the caret (2.3s)
  ok 427 [msedge] › declarations.spec.mjs:270:1 › DC-31: a Reference written mid-text lands at the caret and the caret sits after it (2.3s)
  ok 428 [msedge] › declarations.spec.mjs:291:5 › DC-19/DC-34: pointing from the Formula Bar; a press into the bar keeps its caret; moving the caret enters Caret (builtin Chrome) (2.6s)
  ok 429 [msedge] › declarations.spec.mjs:291:5 › DC-19/DC-34: pointing from the Formula Bar; a press into the bar keeps its caret; moving the caret enters Caret (mud Chrome) (4.0s)
  ok 430 [msedge] › declarations.spec.mjs:342:5 › DC-19/ADR-0010: keys typed into the Formula Bar before a 150 ms circuit has answered the press into it keep their meaning (builtin Chrome) (6.7s)
  ok 431 [msedge] › declarations.spec.mjs:342:5 › DC-19/ADR-0010: keys typed into the Formula Bar before a 150 ms circuit has answered the press into it keep their meaning (mud Chrome) (8.1s)
  ok 432 [msedge] › declarations.spec.mjs:392:5 › ADR-0021: a row press's late hand-back does not take the keyboard from the Formula Bar or the Name Box pressed after it, on a 150 ms circuit (builtin Chrome) (6.3s)
  ok 433 [msedge] › declarations.spec.mjs:392:5 › ADR-0021: a row press's late hand-back does not take the keyboard from the Formula Bar or the Name Box pressed after it, on a 150 ms circuit (mud Chrome) (7.8s)
  ok 434 [msedge] › declarations.spec.mjs:431:1 › DC-20: typed quickly on a 150 ms circuit, no arrow points where the text forbids it (4.9s)
  ok 435 [msedge] › declarations.spec.mjs:454:1 › DC-28: keys typed in the Formula Bar behind F2 on a 150 ms circuit land in the bar, in order (3.0s)
  ok 436 [msedge] › declarations.spec.mjs:485:1 › DC-28/ED-22: after keys held behind F2 on a 150 ms circuit, the next key lands at the caret they left (4.2s)
  ok 437 [msedge] › declarations.spec.mjs:535:5 › DC-13/DC-27: dragging the fill handle continues a series; the Selection is source and target (builtin Chrome) (2.7s)
  ok 438 [msedge] › declarations.spec.mjs:535:5 › DC-13/DC-27: dragging the fill handle continues a series; the Selection is source and target (mud Chrome) (4.3s)
  ok 439 [msedge] › declarations.spec.mjs:561:1 › DC-13: the edge auto-scroll carries a fill past the bottom of the Viewport (4.2s)
  ok 440 [msedge] › declarations.spec.mjs:598:1 › DC-13: a Formula filled right shifts its References; a refused pattern leaves the Selection on the source (2.9s)
  ok 441 [msedge] › declarations.spec.mjs:624:1 › DC-8: a block pasted from the real clipboard onto one cell spills, and becomes the Selection (2.2s)
  ok 442 [msedge] › declarations.spec.mjs:673:1 › DC-38/ADR-0048: Excel's too-narrow column pasted onto one cell is refused, the notice says why, and the Selection stays (2.7s)
  ok 443 [msedge] › declarations.spec.mjs:691:1 › DC-8: Excel's column wide enough, with the same flavours, file and RTF included, pastes and spills (2.2s)
DC-33 marker on the asynchronous (Server: navigator.clipboard.write) route: kept
  ok 444 [msedge] › declarations.spec.mjs:720:1 › SH-14/DC-33: a copy inside the Sheet carries Entries and shifts References; outward it carries Values (2.5s)
DC-33 marker on the asynchronous route (menu copy): kept; html: <html>
<body>
<!--StartFragment--><html><head></head><body><table data-ex-grid="invariant" xmlns:x="urn:schemas-microsoft-com:office:excel"><tbody><tr><td x:num="12">12</td><td x:num="0.5">0.5</td></tr><tr><td x:num="7">7</td><td x:num="0.75">0.75</td></tr></tbody></table></body></html><!--EndFrag
  ok 445 [msedge] › declarations.spec.mjs:750:1 › DC-33: whether the invariant marker survives the asynchronous clipboard route (a menu copy) (2.4s)
  ok 446 [msedge] › declarations.spec.mjs:777:1 › DC-30: Ctrl+Z / Ctrl+Y / Ctrl+Shift+Z walk the Sheet's stack; with an edit open they are the editor's (2.8s)
  ok 447 [msedge] › declarations.spec.mjs:816:1 › DC-30/ADR-0007: with an edit open, Ctrl+Z undoes uncommitted typing (3.3s)
  ok 448 [msedge] › declarations.spec.mjs:845:1 › SRV-5/ED-22: a Formula typed into an open editor at 10 keys a second on a 150 ms circuit loses nothing (4.5s)
  ok 449 [msedge] › declarations.spec.mjs:858:1 › DC-30/DC-25: on the grid that declares no undo, Ctrl+Z stays the browser's (2.0s)
  ok 450 [msedge] › declarations.spec.mjs:882:1 › DC-36: the grips resize a column and size it to fit, and no header carries a menu button (2.3s)
  ok 451 [msedge] › declarations.spec.mjs:907:1 › DC-25: the positions grid, declaring nothing, keeps ExGrid's own behaviour beside the Sheet (2.2s)
  ok 452 [msedge] › excel-keys.spec.mjs:28:1 › Ctrl+Z and Ctrl+Y reach the Consumer's history, and the keydown is taken (KB-39, ADR-0007) (821ms)
  ok 453 [msedge] › excel-keys.spec.mjs:51:1 › inside the editor Ctrl+Z, Delete and Backspace are the input's own (ADR-0007, ED-25) (235ms)
  ok 454 [msedge] › excel-keys.spec.mjs:68:1 › Delete raises one Clear Intent, and the Consumer blanks what it can (ED-24, ADR-0054) (312ms)
  ok 455 [msedge] › excel-keys.spec.mjs:86:1 › Delete over a non-editable column is refused whole, and says so (ED-24, ADR-0054) (140ms)
  ok 456 [msedge] › excel-keys.spec.mjs:97:1 › Backspace opens an empty editor, and Escape leaves the cell as it was (ED-23, ADR-0035) (525ms)
  ok 457 [msedge] › excel-keys.spec.mjs:116:1 › Ctrl+D fills down and Ctrl+R fills right, and the browser keeps neither key (CP-24, ADR-0035) (244ms)
  ok 458 [msedge] › excel-keys.spec.mjs:137:1 › Ctrl+D on the first row is refused by name (CP-25, ADR-0035) (293ms)
  ok 459 [msedge] › excel-keys.spec.mjs:143:1 › a display-only grid leaves Delete, Backspace, Ctrl+Z, Ctrl+D and Ctrl+R to the page (ED-25, KB-39, ADR-0054/0035/0007) (361ms)
  ok 460 [msedge] › features.spec.mjs:28:1 › typing opens Overwrite containing the character, Enter commits and moves (ED-2/ED-4) (585ms)
  ok 461 [msedge] › features.spec.mjs:48:1 › in Overwrite an arrow commits and moves; in Caret it moves the caret (ED-2) (388ms)
  ok 462 [msedge] › features.spec.mjs:65:1 › Escape cancels the editor and never blurs the grid mid-edit (ED-3) (241ms)
  ok 463 [msedge] › features.spec.mjs:80:1 › the clipboard carries both formats, and #### never reaches it (CP-4/CP-5/CP-6/CP-10) (218ms)
  ok 464 [msedge] › features.spec.mjs:127:1 › a misaligned selection refuses and the clipboard stays untouched (CP-1/CP-3) (216ms)
  ok 465 [msedge] › features.spec.mjs:141:1 › paste raises one intent shaped by the clipboard block (CP-14, PST-1) (308ms)
  ok 466 [msedge] › features.spec.mjs:152:1 › a paste covering a non-editable column is refused whole (CP-16, ADR-0035) (182ms)
  ok 467 [msedge] › features.spec.mjs:167:1 › Ctrl+Enter fill across a non-editable column is refused, and says so (CP-16, ADR-0035, ADR-0052) (361ms)
  ok 468 [msedge] › features.spec.mjs:188:1 › a refusal is announced, not only painted (A11Y-16, ADR-0035) (391ms)
  ok 469 [msedge] › features.spec.mjs:209:1 › a menu copy writes without a prompt, and with headers (CP-19/CP-17, ADR-0005/0036) (358ms)
  ok 470 [msedge] › features.spec.mjs:225:1 › a Reject holds the editor with real keys, and Escape is the way out (ED-15, ADR-0034) (353ms)
  ok 471 [msedge] › features.spec.mjs:244:1 › a Flag applies and is marked, and its message opens on the Focus (ED-16/ED-17, ADR-0034) (576ms)
  ok 472 [msedge] › features.spec.mjs:261:1 › a flagged cell says why when the pointer rests on it (ED-17b, ADR-0021/0034) (1.2s)
  ok 473 [msedge] › features.spec.mjs:281:1 › a pasted value wears the same mark as a typed one (ADR-0034) (194ms)
  ok 474 [msedge] › features.spec.mjs:291:1 › Ctrl+PageDown is neither handled nor prevented (KB-15) (192ms)
  ok 475 [msedge] › features.spec.mjs:326:1 › the grid is one tab stop (A11Y-4, KB-12) (252ms)
  ok 476 [msedge] › features.spec.mjs:355:1 › two instances stay independent: no --ex-* on :root, no window global (DOM-4) (142ms)
  ok 477 [msedge] › features.spec.mjs:374:1 › a header click sorts and the selection is untouched by it (SR-1) (215ms)
  ok 478 [msedge] › features.spec.mjs:388:1 › a display-only grid does not take printable keys away from the page (ADR-0010/0020) (363ms)
  ok 479 [msedge] › features.spec.mjs:415:1 › Escape returns the keyboard from a descendant control to the grid (ADR-0020/0012) (423ms)
  ok 480 [msedge] › features.spec.mjs:450:1 › Space enters a cell with several actions; the arrows choose and Space fires once (KB-20/KB-21, ADR-0037) (504ms)
  ok 481 [msedge] › features.spec.mjs:477:1 › inside a cell Enter never fires: it leaves and moves down (KB-22, ADR-0020/0037) (374ms)
  ok 482 [msedge] › features.spec.mjs:489:1 › Escape leaves an Interactive cell and the grid keeps the keyboard (KB-22, ADR-0037) (393ms)
  ok 483 [msedge] › features.spec.mjs:500:1 › Space puts the caret in a Template cell's field, and Escape brings the keyboard back (KB-23/KB-24, ADR-0037) (522ms)
  ok 484 [msedge] › features.spec.mjs:517:1 › a held Space fires a one-action cell once (KB-26, ADR-0037) (469ms)
  ok 485 [msedge] › features.spec.mjs:531:1 › holding Space to enter a cell fires nothing (KB-26, ADR-0037) (375ms)
  ok 486 [msedge] › features.spec.mjs:545:1 › Shift+Tab from after the grid lands on the root, not on a button inside it (A11Y-17, ADR-0037) (274ms)
  ok 487 [msedge] › features.spec.mjs:567:1 › the chosen action is outlined, with and without forced colors (UX-14, ADR-0029/0037) (766ms)
  ok 488 [msedge] › features.spec.mjs:583:1 › a press dragged off an action leaves no button holding the keyboard, and Enter fires nothing (KB-27, ADR-0020/0037) (689ms)
  ok 489 [msedge] › find.spec.mjs:28:9 › under the builtin Chrome › Ctrl+F opens the grid's panel, the keys typed after it land in its field, and Enter steps (FD-1/FD-3/FD-5, ADR-0055) (741ms)
  ok 490 [msedge] › find.spec.mjs:52:9 › under the builtin Chrome › a capital and a Shift+Enter typed straight after Ctrl+F keep their meaning (ADR-0055/0010, ED-22) (536ms)
  ok 491 [msedge] › find.spec.mjs:65:9 › under the builtin Chrome › a match beyond the painted rows is reached and revealed (FD-5, ADR-0055) (582ms)
  ok 492 [msedge] › find.spec.mjs:77:9 › under the builtin Chrome › with a range selected, Find searches it and the selection stands (FD-4/FD-5, ADR-0055) (505ms)
  ok 493 [msedge] › find.spec.mjs:92:9 › under the builtin Chrome › nothing found is said, in a live region (FD-6, ADR-0055) (235ms)
  ok 494 [msedge] › find.spec.mjs:103:9 › under the builtin Chrome › Ctrl+F in the find field selects its text, and the browser's find stays shut (FD-1, ADR-0055) (281ms)
  ok 495 [msedge] › find.spec.mjs:117:9 › under the builtin Chrome › Ctrl+F in a column's popover opens Find in its place (FD-1, ADR-0055) (187ms)
  ok 496 [msedge] › find.spec.mjs:130:9 › under the builtin Chrome › Ctrl+F in the Context Menu, and in the filter's text field, opens Find in its place (FD-1, ADR-0055) (419ms)
  ok 497 [msedge] › find.spec.mjs:153:9 › under the builtin Chrome › a Ctrl+F typed straight after Alt+Down opens Find, and the letters after it land in its field (FD-1, ED-22, ADR-0055) (215ms)
  ok 498 [msedge] › find.spec.mjs:167:9 › under the builtin Chrome › Escape closes the panel and hands the keyboard back to the grid (FD-3, ADR-0055) (360ms)
  ok 499 [msedge] › find.spec.mjs:28:9 › under the mud Chrome › Ctrl+F opens the grid's panel, the keys typed after it land in its field, and Enter steps (FD-1/FD-3/FD-5, ADR-0055) (495ms)
  ok 500 [msedge] › find.spec.mjs:52:9 › under the mud Chrome › a capital and a Shift+Enter typed straight after Ctrl+F keep their meaning (ADR-0055/0010, ED-22) (534ms)
  ok 501 [msedge] › find.spec.mjs:65:9 › under the mud Chrome › a match beyond the painted rows is reached and revealed (FD-5, ADR-0055) (608ms)
  ok 502 [msedge] › find.spec.mjs:77:9 › under the mud Chrome › with a range selected, Find searches it and the selection stands (FD-4/FD-5, ADR-0055) (607ms)
  ok 503 [msedge] › find.spec.mjs:92:9 › under the mud Chrome › nothing found is said, in a live region (FD-6, ADR-0055) (252ms)
  ok 504 [msedge] › find.spec.mjs:103:9 › under the mud Chrome › Ctrl+F in the find field selects its text, and the browser's find stays shut (FD-1, ADR-0055) (339ms)
  ok 505 [msedge] › find.spec.mjs:117:9 › under the mud Chrome › Ctrl+F in a column's popover opens Find in its place (FD-1, ADR-0055) (250ms)
  ok 506 [msedge] › find.spec.mjs:130:9 › under the mud Chrome › Ctrl+F in the Context Menu, and in the filter's text field, opens Find in its place (FD-1, ADR-0055) (537ms)
  ok 507 [msedge] › find.spec.mjs:153:9 › under the mud Chrome › a Ctrl+F typed straight after Alt+Down opens Find, and the letters after it land in its field (FD-1, ED-22, ADR-0055) (342ms)
  ok 508 [msedge] › find.spec.mjs:167:9 › under the mud Chrome › Escape closes the panel and hands the keyboard back to the grid (FD-3, ADR-0055) (352ms)
  ok 509 [msedge] › find.spec.mjs:180:1 › Tab stays inside the find panel (FD-8, ADR-0055/0039) (267ms)
  ok 510 [msedge] › find.spec.mjs:195:1 › the find panel stands inside the grid's box (FD-8, ADR-0055/0040) (168ms)
  ok 511 [msedge] › find.spec.mjs:212:1 › a grid with nothing to search takes Ctrl+F and opens nothing (FD-1/FD-2, ADR-0055) (283ms)
  ok 512 [msedge] › find.spec.mjs:227:1 › in the Cell Editor Ctrl+F does nothing (FD-1, ADR-0055) (353ms)
  ok 513 [msedge] › gestures.spec.mjs:21:1 › a leaf drag reorders within its group and clamps at its edge (HG-14/HG-15) (628ms)
  ok 514 [msedge] › gestures.spec.mjs:40:1 › grabbing a group rectangle moves the whole group (HG-14) (288ms)
  ok 515 [msedge] › gestures.spec.mjs:55:1 › a resize drag with a real mouse applies on release (ADR-0016) (238ms)
  ok 516 [msedge] › gestures.spec.mjs:71:1 › a drag past MaxWidth is recorded as it came and painted at that width (ADR-0016, FN-12) (319ms)
  ok 517 [msedge] › gestures.spec.mjs:88:1 › pasting onto an off-screen selection works, and the indicator showed first (PST-3) (343ms)
  ok 518 [msedge] › gestures.spec.mjs:104:1 › a ~10MB paste parses without freezing the grid (PST-5, PST-6 recorded, ADR-0052) (2.5s)
  ok 519 [msedge] › gestures.spec.mjs:137:1 › the focus outline holds 3:1 against the cell ground under the default theme (UX-9) (211ms)
  ok 520 [msedge] › gestures.spec.mjs:162:1 › narrowing the scrollbar by token changes the gutter and the geometry follows (UX-10) (391ms)
  ok 521 [msedge] › gestures.spec.mjs:198:1 › a composing IME keydown is never taken (ED-11, the listener guard) (136ms)
  ok 522 [msedge] › harness.spec.mjs:32:1 › a spec file boots its app once, at the index (ADR-0056) (443ms)
  ok 523 [msedge] › harness.spec.mjs:40:1 › the next test mounts its page afresh on the same document (ADR-0056) (215ms)
  ok 524 [msedge] › harness.spec.mjs:47:1 › what a test changed through the harness is put back when it ends (ADR-0056) (142ms)
  ok 525 [msedge] › harness.spec.mjs:78:1 › the next test finds none of it (ADR-0056) (176ms)
  ok 526 [msedge] › harness.spec.mjs:108:9 › a change made behind the harness's back is named, and the page is not handed on (ADR-0056) › a native stubbed with page.evaluate (221ms)
  ok 527 [msedge] › harness.spec.mjs:115:5 › a change made behind the harness's back is named, and the page is not handed on (ADR-0056) › after it, the next test has a document of its own (450ms)
  ok 528 [msedge] › harness.spec.mjs:123:9 › a change made behind the harness's back is named, and the page is not handed on (ADR-0056) › a native stubbed on its instance rather than its prototype (102ms)
  ok 529 [msedge] › harness.spec.mjs:134:9 › a change made behind the harness's back is named, and the page is not handed on (ADR-0056) › an element left in the head (369ms)
  ok 530 [msedge] › harness.spec.mjs:148:9 › a change made behind the harness's back is named, and the page is not handed on (ADR-0056) › an attribute left on the grid's parent (379ms)
  ok 531 [msedge] › harness.spec.mjs:156:9 › a change made behind the harness's back is named, and the page is not handed on (ADR-0056) › a rule inserted into a stylesheet, which the markup does not show (463ms)
  ok 532 [msedge] › harness.spec.mjs:164:9 › a change made behind the harness's back is named, and the page is not handed on (ADR-0056) › a global left on window (385ms)
  ok 533 [msedge] › harness.spec.mjs:171:1 › a test that leaves a key held hands no page on (ADR-0056) (325ms)
  ok 534 [msedge] › harness.spec.mjs:177:1 › after it, the next test boots, with no key held (ADR-0056) (376ms)
  ok 535 [msedge] › harness.spec.mjs:186:1 › a test that leaves a mouse button held hands no page on (ADR-0056) (123ms)
  ok 536 [msedge] › harness.spec.mjs:193:1 › after it too, the next test boots (ADR-0056) (404ms)
  x  537 [msedge] › harness.spec.mjs:199:1 › a test whose console reports an error hands no page on (ADR-0056) (120ms)
  ok 538 [msedge] › harness.spec.mjs:206:1 › after that, the next test boots (ADR-0056) (458ms)
  x  539 [msedge] › harness.spec.mjs:212:1 › a test that fails hands no page on (ADR-0056) (55ms)
  ok 540 [msedge] › harness.spec.mjs:219:1 › after a failure, the next test boots (ADR-0056) (405ms)
  ok 541 [msedge] › harness.spec.mjs:227:5 › a test that asks for a document of its own loads its page for real (ADR-0056) (275ms)
  ok 542 [msedge] › inspector-edits.spec.mjs:44:1 › RI-16: an approval from the inspector reaches the grid as a new instance, and the inspector shows it without a banner (ADR-0003) (493ms)
  ok 543 [msedge] › inspector-edits.spec.mjs:56:1 › RI-17: a change elsewhere raises the banner with the new value, keeps the old one shown, and disables the actions until reloaded (266ms)
  ok 544 [msedge] › inspector-edits.spec.mjs:76:1 › RI-18: a row deleted elsewhere says so, and its inspector acts on nothing (269ms)
  ok 545 [msedge] › inspector-edits.spec.mjs:86:1 › RI-19: an approval pressed before the news of a change arrives is refused by the store, and says why (334ms)
  ok 546 [msedge] › inspector-edits.spec.mjs:109:1 › RI-24: a deletion stays said, whatever news about the trade arrives after it (386ms)
  ok 547 [msedge] › inspector-edits.spec.mjs:125:1 › RI-25: an inspector opened while news is held back shows what the grid showed, and learns of the change when it is announced (344ms)
  ok 548 [msedge] › inspector-edits.spec.mjs:137:1 › RI-20: a note records the version it was written against, and is marked once the trade has moved on (291ms)
  ok 549 [msedge] › inspector-edits.spec.mjs:154:1 › RI-21: the inspector follows its trade by key when an approval moves it under the sort (344ms)
  -  550 [msedge] › inspector-edits.spec.mjs:171:1 › RI-22: on WebAssembly the page says there is nobody to share the store with
  ok 551 [msedge] › inspector-edits.spec.mjs:177:1 › RI-23: on the Server host, an approval in another tab raises the banner in this one (ADR-0018) (499ms)
  ok 552 [msedge] › inspectors.spec.mjs:88:5 › RI-4: modal, by click, handler returning once the dialog is shown: the keyboard is in the inspector, and back in the grid when it closes (ADR-0020/0037) (1.0s)
  ok 553 [msedge] › inspectors.spec.mjs:105:5 › RI-26: modal, by click from outside the grid, handler returning once the dialog is shown: closing gives the keyboard back to where it was, not to the grid (ADR-0037) (657ms)
  ok 554 [msedge] › inspectors.spec.mjs:116:5 › RI-5: modal, by Space, handler returning once the dialog is shown: the keyboard is in the inspector (ADR-0020/0037) (660ms)
  ok 555 [msedge] › inspectors.spec.mjs:88:5 › RI-4: modal, by click, handler awaiting the dialog's result: the keyboard is in the inspector, and back in the grid when it closes (ADR-0020/0037) (733ms)
  ok 556 [msedge] › inspectors.spec.mjs:105:5 › RI-26: modal, by click from outside the grid, handler awaiting the dialog's result: closing gives the keyboard back to where it was, not to the grid (ADR-0037) (701ms)
  ok 557 [msedge] › inspectors.spec.mjs:116:5 › RI-5: modal, by Space, handler awaiting the dialog's result: the keyboard is in the inspector (ADR-0020/0037) (693ms)
  ok 558 [msedge] › inspectors.spec.mjs:124:1 › RI-6: floating, by click: the keyboard is in the inspector just opened (ADR-0020/0037) (936ms)
  ok 559 [msedge] › inspectors.spec.mjs:136:1 › RI-7: floating, by Space: the keyboard is in the inspector (ADR-0020/0037) (737ms)
  ok 560 [msedge] › inspectors.spec.mjs:144:1 › RI-8: floating: a row whose inspector is open brings it to the front instead of opening another (383ms)
  ok 561 [msedge] › inspectors.spec.mjs:157:1 › RI-9: floating: an inspector is dragged by its title bar, and closes on its own (517ms)
  ok 562 [msedge] › inspectors.spec.mjs:183:1 › RI-10: the marked rows open as inspectors, one each, and the count names the ones outside the filter (ADR-0043) (484ms)
  ok 563 [msedge] › inspectors.spec.mjs:202:1 › RI-11: the marks survive a sort, so the rows opened are the rows ticked (ADR-0043) (324ms)
  ok 564 [msedge] › inspectors.spec.mjs:217:1 › RI-12: above the cap the marked rows are refused by count, and nothing opens (350ms)
  ok 565 [msedge] › inspectors.spec.mjs:230:1 › RI-13: modal: the marked rows open one after another, and Escape ends the queue (1.5s)
  ok 566 [msedge] › inspectors.spec.mjs:255:1 › RI-14: Enter on the Inspect cell moves down and opens nothing (ADR-0020) (618ms)
  ok 567 [msedge] › inspectors.spec.mjs:266:1 › RI-15: while a modal inspector stands, the grid behind it cannot be pressed (749ms)
  ok 568 [msedge] › marks.spec.mjs:41:1 › after "mark all", rows scrolled to far away paint ticked (MK-6) (844ms)
  ok 569 [msedge] › marks.spec.mjs:56:1 › a filter keeps the marks and names the ones outside it (MK-7) (441ms)
  ok 570 [msedge] › marks.spec.mjs:72:1 › Space in the Mark Column brings the selected rows into line (MK-1) (334ms)
  ok 571 [msedge] › marks.spec.mjs:95:1 › a row arriving after "mark all" is not marked, and the header turns to "some" (MK-8) (326ms)
  ok 572 [msedge] › marks.spec.mjs:106:1 › an action over a mark whose row was deleted elsewhere reports it as gone (ADR-0043) (234ms)
  -  573 [msedge] › measure.spec.mjs:32:1 › what the pointer reports cost on a circuit, at 0, 50 and 150 ms round trip (SRV-6)
  -  574 [msedge] › measure.spec.mjs:111:1 › how long the stale band stands while the window is dragged over a Stretch grid, at 0, 50 and 150 ms round trip (§21.9, ADR-0028)
  ok 575 [msedge] › memory.spec.mjs:82:1 › mounting and disposing the grid fifty times returns nodes and listeners to baseline (MEM-2) (5.2s)
  ok 576 [msedge] › memory.spec.mjs:117:1 › disposal takes the module's listeners off the root, and the count comes back (MEM-4) (566ms)
  -  577 [msedge] › memory.spec.mjs:159:1 › a ten-minute scripted scroll does not grow the JS heap (MEM-5, MEM-6)
  ok 578 [msedge] › mud-app.spec.mjs:111:1 › WR-7: a grid in a tab that was hidden paints correctly once its tab is shown (ADR-0028) (1.1s)
  x  579 [msedge] › mud-app.spec.mjs:165:1 › WR-7: a Drawer toggle resizes the Stretch grid and its geometry follows (ADR-0028) (5.4s)
  ok 580 [msedge] › mud-app.spec.mjs:212:1 › WR-7: the two grids on the main area stay independent (DOM-4, ADR-0018, ADR-0052) (684ms)
  ok 581 [msedge] › mud-app.spec.mjs:259:1 › WR-7: the toolbar's MudSelect and the grids never interfere (ADR-0018/0039/0052) (689ms)
  ok 582 [msedge] › mud-app.spec.mjs:320:1 › WR-7: a grid in a MudDialog opens its popovers whole inside its box, and its Inner Popups above the dialog (ADR-0040/0039) (858ms)
  ok 583 [msedge] › mud-app.spec.mjs:386:1 › WR-9: the application's own controls — theme, tabs, dialog — keep the console clean (CON-1/2/3/6) (842ms)
  ok 584 [msedge] › mud-app.spec.mjs:405:1 › WR-5 (setup): /features?chrome=mud runs its grids under MudGridChrome, and the column menu opens (FN-17, UX-11) (391ms)
  x  585 [msedge] › mud-app.spec.mjs:432:1 › WR-6: Striped paints the palette's table-stripe colour in both schemes, and a switch re-renders no row (ADR-0038/0030, RR-1) (309ms)
  ok 586 [msedge] › mud.spec.mjs:41:1 › the painted geometry equals the declared metrics under the real Wrapper stylesheet (UX-3) (613ms)
  ok 587 [msedge] › mud.spec.mjs:62:1 › nothing under the Viewport transitions or animates with the Wrapper loaded (UX-6) (187ms)
  ok 588 [msedge] › mud.spec.mjs:80:1 › the focus outline and the selection fill stay visible under the Wrapper theme, light and dark (UX-9) (328ms)
  ok 589 [msedge] › mud.spec.mjs:110:1 › a loss is painted in the palette's error colour by the Consumer's tone rule, and only there (ADR-0006, FN-7a) (117ms)
  ok 590 [msedge] › mud.spec.mjs:132:1 › a theme switch re-renders nothing inside the grid: the rows are the same elements (RR-1) (228ms)
  ok 591 [msedge] › mud.spec.mjs:150:1 › the row under the pointer is highlighted by an overlay band, in the hovered instance only (UX-13) (350ms)
  ok 592 [msedge] › mud.spec.mjs:175:1 › the Wrapper's editor opens inside the core's box with the typed character, and commits (ED-4, ADR-0030) (428ms)
  ok 593 [msedge] › mud.spec.mjs:206:1 › the loading bar is a MudProgressLinear where the core places its seam, only while loading (272ms)
  ok 594 [msedge] › mud.spec.mjs:218:1 › the paper's corners: rounded with an inset, square flush; the grid's own box is untouched (277ms)
  ok 595 [msedge] › navigation.spec.mjs:33:1 › RI-1: the index at / lists every routed page, once (380ms)
  ok 596 [msedge] › navigation.spec.mjs:47:1 › RI-2: the Row Identity demo that was at / is at /identity (160ms)
  ok 597 [msedge] › navigation.spec.mjs:54:1 › RI-3: every page opens from the index, names itself, and leads back to it (clean console) (2.6s)
  ok 598 [msedge] › observational.spec.mjs:133:5 › mount to first painted row at 10⁶ rows (BIG-7) (274ms)
  ok 599 [msedge] › observational.spec.mjs:146:1 › the DOM, the settle repaint and the frame intervals, virtualised and not (DOM-5, PF-6, BIG-6) (16.5s)
  ok 600 [msedge] › observational.spec.mjs:188:1 › a selection drag, one row a step, costs this much per step (PF-7) (2.2s)
  ok 601 [msedge] › popovers.spec.mjs:118:9 › under the builtin Chrome › a secondary click opens the grid's menu, not the browser's (CTX-1/CTX-5, ADR-0036) (452ms)
  ok 602 [msedge] › popovers.spec.mjs:144:9 › under the builtin Chrome › a secondary click outside the selection moves it first (CTX-1, ADR-0036) (192ms)
  ok 603 [msedge] › popovers.spec.mjs:155:9 › under the builtin Chrome › a Consumer command receives the clicked row and the selection (CTX-3, ADR-0036) (175ms)
  ok 604 [msedge] › popovers.spec.mjs:165:9 › under the builtin Chrome › the ContextMenu key opens it on the Focus (CTX-4, ADR-0036) (292ms)
  ok 605 [msedge] › popovers.spec.mjs:176:9 › under the builtin Chrome › popovers are not clipped by the scroll container and stay per instance (UX-11) (302ms)
  ok 606 [msedge] › popovers.spec.mjs:198:9 › under the builtin Chrome › a popover taller than its grid stays inside the grid's box and scrolls (UX-11, ADR-0040) (213ms)
  ok 607 [msedge] › popovers.spec.mjs:216:9 › under the builtin Chrome › Alt+↓ opens the Focus column's menu, and the menu takes the keyboard (KB-28/KB-29, ADR-0039) (250ms)
  ok 608 [msedge] › popovers.spec.mjs:227:9 › under the builtin Chrome › every popover takes the keyboard when it opens, by pointer or by key (KB-29, ADR-0039) (508ms)
  ok 609 [msedge] › popovers.spec.mjs:249:9 › under the builtin Chrome › a grid that goes while keys wait for its popover leaves nothing running (ADR-0010, CON-2) (367ms)
  ok 610 [msedge] › popovers.spec.mjs:269:9 › under the builtin Chrome › however a popover closes, the keyboard is back on the grid and the arrows move the Focus (KB-32, ADR-0039) (867ms)
  ok 611 [msedge] › popovers.spec.mjs:308:9 › under the builtin Chrome › in a menu the arrows, Home and End move among the enabled items and wrap (KB-30, ADR-0039) (667ms)
  ok 612 [msedge] › popovers.spec.mjs:336:13 › under the builtin Chrome › in a menu Enter runs the item and closes it (KB-30, ADR-0039) (366ms)
  ok 613 [msedge] › popovers.spec.mjs:336:13 › under the builtin Chrome › in a menu Space runs the item and closes it (KB-30, ADR-0039) (367ms)
  ok 614 [msedge] › popovers.spec.mjs:352:13 › under the builtin Chrome › over a filter, Tab on a command moves to the search box — nothing runs, nothing closes (FL-12, KB-30, ADR-0044) (323ms)
  ok 615 [msedge] › popovers.spec.mjs:352:13 › under the builtin Chrome › over a filter, Shift+Tab on a command moves to Cancel — nothing runs, nothing closes (FL-12, KB-30, ADR-0044) (336ms)
  ok 616 [msedge] › popovers.spec.mjs:370:9 › under the builtin Chrome › the Context Menu answers the same keys, and Tab closes it (KB-30, ADR-0039) (433ms)
  ok 617 [msedge] › popovers.spec.mjs:385:9 › under the builtin Chrome › Tab and Shift+Tab wrap through both halves of the popover (KB-31, FL-12, ADR-0044) (727ms)
  ok 618 [msedge] › popovers.spec.mjs:415:9 › under the builtin Chrome › the letters: S sorts, E goes to the search box where "e" is text, C clears (FL-15, FL-16, ADR-0044) (657ms)
  ok 619 [msedge] › popovers.spec.mjs:459:9 › under the builtin Chrome › on the value list the letters act too: E goes back to the search box, O sorts (FL-15, ADR-0044) (601ms)
  ok 620 [msedge] › popovers.spec.mjs:494:9 › under the builtin Chrome › where no value list stands, E goes to the condition's value, where a search is typed (FL-15, ADR-0044) (419ms)
  ok 621 [msedge] › popovers.spec.mjs:511:9 › under the builtin Chrome › E on a checkbox outside the value list holds nothing: a Space after it ticks at once (ADR-0010/0044) (674ms)
  ok 622 [msedge] › popovers.spec.mjs:542:9 › under the builtin Chrome › Enter in the value field applies exactly what OK applies (KB-31, ADR-0039) (867ms)
  ok 623 [msedge] › popovers.spec.mjs:551:9 › under the builtin Chrome › a pointer-down elsewhere in the instance dismisses a popover and keeps its own meaning (KB-17, ADR-0010/0039) (511ms)
  ok 624 [msedge] › popovers.spec.mjs:568:9 › under the builtin Chrome › a column's popover is a dialog holding a menu, both named by its header; the Context Menu a menu (A11Y-19, ADR-0039/0044) (341ms)
  ok 625 [msedge] › popovers.spec.mjs:118:9 › under the mud Chrome › a secondary click opens the grid's menu, not the browser's (CTX-1/CTX-5, ADR-0036) (250ms)
  ok 626 [msedge] › popovers.spec.mjs:144:9 › under the mud Chrome › a secondary click outside the selection moves it first (CTX-1, ADR-0036) (216ms)
  ok 627 [msedge] › popovers.spec.mjs:155:9 › under the mud Chrome › a Consumer command receives the clicked row and the selection (CTX-3, ADR-0036) (293ms)
  ok 628 [msedge] › popovers.spec.mjs:165:9 › under the mud Chrome › the ContextMenu key opens it on the Focus (CTX-4, ADR-0036) (243ms)
  ok 629 [msedge] › popovers.spec.mjs:176:9 › under the mud Chrome › popovers are not clipped by the scroll container and stay per instance (UX-11) (417ms)
  ok 630 [msedge] › popovers.spec.mjs:198:9 › under the mud Chrome › a popover taller than its grid stays inside the grid's box and scrolls (UX-11, ADR-0040) (201ms)
  ok 631 [msedge] › popovers.spec.mjs:216:9 › under the mud Chrome › Alt+↓ opens the Focus column's menu, and the menu takes the keyboard (KB-28/KB-29, ADR-0039) (311ms)
  ok 632 [msedge] › popovers.spec.mjs:227:9 › under the mud Chrome › every popover takes the keyboard when it opens, by pointer or by key (KB-29, ADR-0039) (550ms)
  ok 633 [msedge] › popovers.spec.mjs:249:9 › under the mud Chrome › a grid that goes while keys wait for its popover leaves nothing running (ADR-0010, CON-2) (341ms)
  ok 634 [msedge] › popovers.spec.mjs:269:9 › under the mud Chrome › however a popover closes, the keyboard is back on the grid and the arrows move the Focus (KB-32, ADR-0039) (843ms)
  ok 635 [msedge] › popovers.spec.mjs:308:9 › under the mud Chrome › in a menu the arrows, Home and End move among the enabled items and wrap (KB-30, ADR-0039) (942ms)
  ok 636 [msedge] › popovers.spec.mjs:336:13 › under the mud Chrome › in a menu Enter runs the item and closes it (KB-30, ADR-0039) (408ms)
  ok 637 [msedge] › popovers.spec.mjs:336:13 › under the mud Chrome › in a menu Space runs the item and closes it (KB-30, ADR-0039) (400ms)
  ok 638 [msedge] › popovers.spec.mjs:352:13 › under the mud Chrome › over a filter, Tab on a command moves to the search box — nothing runs, nothing closes (FL-12, KB-30, ADR-0044) (409ms)
  ok 639 [msedge] › popovers.spec.mjs:352:13 › under the mud Chrome › over a filter, Shift+Tab on a command moves to Cancel — nothing runs, nothing closes (FL-12, KB-30, ADR-0044) (392ms)
  ok 640 [msedge] › popovers.spec.mjs:370:9 › under the mud Chrome › the Context Menu answers the same keys, and Tab closes it (KB-30, ADR-0039) (542ms)
  ok 641 [msedge] › popovers.spec.mjs:385:9 › under the mud Chrome › Tab and Shift+Tab wrap through both halves of the popover (KB-31, FL-12, ADR-0044) (3.5s)
  ok 642 [msedge] › popovers.spec.mjs:415:9 › under the mud Chrome › the letters: S sorts, E goes to the search box where "e" is text, C clears (FL-15, FL-16, ADR-0044) (932ms)
  ok 643 [msedge] › popovers.spec.mjs:459:9 › under the mud Chrome › on the value list the letters act too: E goes back to the search box, O sorts (FL-15, ADR-0044) (683ms)
  ok 644 [msedge] › popovers.spec.mjs:494:9 › under the mud Chrome › where no value list stands, E goes to the condition's value, where a search is typed (FL-15, ADR-0044) (425ms)
  ok 645 [msedge] › popovers.spec.mjs:511:9 › under the mud Chrome › E on a checkbox outside the value list holds nothing: a Space after it ticks at once (ADR-0010/0044) (742ms)
  ok 646 [msedge] › popovers.spec.mjs:542:9 › under the mud Chrome › Enter in the value field applies exactly what OK applies (KB-31, ADR-0039) (1.1s)
  ok 647 [msedge] › popovers.spec.mjs:551:9 › under the mud Chrome › a pointer-down elsewhere in the instance dismisses a popover and keeps its own meaning (KB-17, ADR-0010/0039) (699ms)
  ok 648 [msedge] › popovers.spec.mjs:568:9 › under the mud Chrome › a column's popover is a dialog holding a menu, both named by its header; the Context Menu a menu (A11Y-19, ADR-0039/0044) (390ms)
  ok 649 [msedge] › popovers.spec.mjs:617:5 › Inner Popups under the mud Chrome › an Inner Popup is drawn outside the root, and opening it disturbs neither grid (FN-21) (359ms)
  ok 650 [msedge] › popovers.spec.mjs:643:9 › Inner Popups under the mud Chrome › a pointer-down elsewhere in the instance closes the operator list and the panel, and keeps its meaning (FN-21, ModalOverlay off) (469ms)
  ok 651 [msedge] › popovers.spec.mjs:643:9 › Inner Popups under the mud Chrome › a pointer-down elsewhere in the instance closes the date calendar and the panel, and keeps its meaning (FN-21, ModalOverlay off) (483ms)
  ok 652 [msedge] › popovers.spec.mjs:671:9 › Inner Popups under the mud Chrome › Escape closes the operator list first, and the next Escape the panel (FN-21, KB-32) (542ms)
  ok 653 [msedge] › popovers.spec.mjs:671:9 › Inner Popups under the mud Chrome › Escape closes the date calendar first, and the next Escape the panel (FN-21, KB-32) (614ms)
  ok 654 [msedge] › popovers.spec.mjs:693:5 › Inner Popups under the mud Chrome › under ModalOverlay the press is the overlay's: only the Inner Popup closes, and Escape then closes the panel (FN-21) (674ms)
  ok 655 [msedge] › popovers.spec.mjs:718:5 › Inner Popups under the mud Chrome › choosing from an Inner Popup keeps the panel, and applying hands the keyboard back to the root (FN-21, KB-32) (484ms)
  ok 656 [msedge] › presentation.spec.mjs:17:1 › geometry tokens are inline and read-only: an ancestor or stylesheet cannot move them (UX-2) (454ms)
  ok 657 [msedge] › presentation.spec.mjs:45:1 › the painted heights equal the declared metrics exactly (UX-3, ST-3) (103ms)
  ok 658 [msedge] › presentation.spec.mjs:62:1 › a Visual Token set on an ancestor recolours the paint (UX-5, the paint half) (152ms)
  ok 659 [msedge] › presentation.spec.mjs:78:1 › nothing inside the Viewport transitions or animates (UX-6) (110ms)
  ok 660 [msedge] › presentation.spec.mjs:94:1 › forced colors keep every Cell State and Row Kind tellable (UX-7, on /cells) (177ms)
  ok 661 [msedge] › presentation.spec.mjs:120:1 › under a dark scheme the untouched grid stays readable (UX-8) (301ms)
  ok 662 [msedge] › presentation.spec.mjs:143:1 › inside an RTL ancestor the grid stays an LTR island (DIR-2/DIR-3) (428ms)
  ok 663 [msedge] › presentation.spec.mjs:181:1 › a Header Group label is centred, and nothing aligns it vertically (HG-13, ADR-0032) (151ms)
  ok 664 [msedge] › presentation.spec.mjs:198:1 › the editor's box is exactly the cell's (ED-9) (267ms)
  ok 665 [msedge] › presentation.spec.mjs:218:1 › the pointer leaving the grid stops the auto-scroll (SL-14/SL-15) (1.9s)
  ok 666 [msedge] › presentation.spec.mjs:245:1 › the Blazor error UI never appears (CON-5) (117ms)
  ok 667 [msedge] › scrollbar.spec.mjs:221:5 › the Focus is never behind a scrollbar (ADR-0012/0013) › with the platform's own scrollbars (629ms)
  ok 668 [msedge] › scrollbar.spec.mjs:231:5 › the Focus is never behind a scrollbar (ADR-0012/0013) › with scrollbars that occupy layout (389ms)
  ok 669 [msedge] › scrollbar.spec.mjs:257:5 › the Focus is never behind a scrollbar (ADR-0012/0013) › at every zoom level, after moving again (1.1s)
  ok 670 [msedge] › scrollbar.spec.mjs:336:5 › on a Windows desktop at fractional display scaling (VZ-14) › the Focus stays readable with the OS doing the scaling (510ms)
  ok 671 [msedge] › sheet-vs-excel.spec.mjs:124:1 › item 1: Ctrl+Down stops at each block edge, then the last row (ADR-0050 §2, ticket 07) (6.4s)
  ok 672 [msedge] › sheet-vs-excel.spec.mjs:155:1 › item 2: Ctrl+Shift+Right from inside a row block selects to its end, then to the last column (ADR-0050 §2, ADR-0052, ticket 07) (3.1s)
  ok 673 [msedge] › sheet-vs-excel.spec.mjs:177:1 › item 3: a column letter selects the column, Shift+click extends, the Focus on the top visible row (ADR-0050 §1, ADR-0052, ticket 06) (885ms)
  ok 674 [msedge] › sheet-vs-excel.spec.mjs:198:1 › item 4: a row number selects the row, Shift+click extends, the Focus in the first column on screen (ADR-0050 §1, ADR-0052, ticket 06) (791ms)
  ok 675 [msedge] › sheet-vs-excel.spec.mjs:213:1 › item 5: the corner selects every cell, the Focus on the top-left visible cell (ADR-0050 §1, ADR-0052, ticket 06) (735ms)
  ok 676 [msedge] › sheet-vs-excel.spec.mjs:245:1 › active cell, case 1: Shift+arrows move the far corner, the Focus stays, and the view follows the Extent (ADR-0052) (7.1s)
  ok 677 [msedge] › sheet-vs-excel.spec.mjs:260:1 › active cell, case 2: while a drag is held the Name Box shows 4R x 3C, and D5 stays active after D5 to B2 (ADR-0052) (701ms)
  ok 678 [msedge] › sheet-vs-excel.spec.mjs:273:1 › active cell, case 3: after Enter, Shift+arrow moves the edge opposite the Focus, and nothing from the middle (ADR-0052) (2.3s)
  ok 679 [msedge] › sheet-vs-excel.spec.mjs:299:1 › active cell, case 6: Ctrl+click on the active cell takes it out and the first remaining cell of the range made last is active (ADR-0052) (1.2s)
  ok 680 [msedge] › sheet-vs-excel.spec.mjs:312:1 › active cell, cases 7 and 8: Ctrl+. walks the corners, Ctrl+Backspace scrolls back to the Focus, Shift+Backspace collapses (ADR-0052) (2.1s)
  ok 681 [msedge] › sheet-vs-excel.spec.mjs:334:1 › active cell, cases 12 and 13: typing enters the Focus only, and Ctrl+Enter fills the Selection and moves nothing (ADR-0052) (1.4s)
  ok 682 [msedge] › sheet-vs-excel.spec.mjs:353:1 › item 6: the Name Box selects what it is given and scrolls only as far as it must (ADR-0050, ticket 09) (826ms)
  ok 683 [msedge] › sheet-vs-excel.spec.mjs:376:1 › item 7: in Enter mode an arrow key commits and moves (ADR-0012, ticket 08) (1.1s)
  ok 684 [msedge] › sheet-vs-excel.spec.mjs:389:1 › item 8: F2 on a Formula shows it with the caret at the end, and the arrows move the caret (ADR-0051, ticket 08) (1.3s)
  ok 685 [msedge] › sheet-vs-excel.spec.mjs:408:1 › item 9: Point mode by keys writes each Reference as the pointer moves (ADR-0051, ticket 11) (1.1s)
  ok 686 [msedge] › sheet-vs-excel.spec.mjs:426:1 › item 10: Point mode by mouse writes the clicked cell, then the dragged range (ADR-0051, ticket 11) (782ms)
  ok 687 [msedge] › sheet-vs-excel.spec.mjs:444:1 › item 11: F2 while pointing turns the arrows back to the caret (ADR-0051, ticket 11) (1.2s)
  ok 688 [msedge] › sheet-vs-excel.spec.mjs:457:1 › item 12: typing = in the Formula Bar and pressing Down does not point (ADR-0051, ticket 11) (658ms)
  ok 689 [msedge] › sheet-vs-excel.spec.mjs:466:1 › item 13: completion lists candidates, Tab takes one with its parenthesis, Escape closes only the list (ADR-0051, ticket 10) (1.5s)
  ok 690 [msedge] › sheet-vs-excel.spec.mjs:489:1 › item 14: the argument hint names every argument and marks the current one (ADR-0051, ticket 10) (883ms)
  ok 691 [msedge] › sheet-vs-excel.spec.mjs:501:1 › item 15: Escape in the Formula Bar cancels the edit and gives the keys back to the grid (ADR-0051, ticket 09) (1.0s)
  -  692 [msedge] › sheet-vs-excel.spec.mjs:516:12 › item 16: a copied Formula pastes with its relative References shifted (ADR-0048, ticket 14)
  -  693 [msedge] › sheet-vs-excel.spec.mjs:526:12 › item 17: a 3×3 block pasted onto one cell fills 3×3 and becomes the Selection (ADR-0050, ticket 14)
  -  694 [msedge] › sheet-vs-excel.spec.mjs:539:6 › item 18: cells from Excel, and to Excel (ADR-0048, ticket 14)
  -  695 [msedge] › sheet-vs-excel.spec.mjs:552:12 › item 19: pasted text =A1+1 is a Formula (ADR-0048, ticket 14)
  -  696 [msedge] › sheet-vs-excel.spec.mjs:557:12 › item 19: pasted text 1,234 is 1234 formatted #,##0, as Excel takes it (ADR-0048, ticket 14)
  -  697 [msedge] › sheet-vs-excel.spec.mjs:562:12 › item 19 and Part A item 10: pasted text =1+ is taken as that text (ADR-0048, ticket 14)
  ok 698 [msedge] › sheet-vs-excel.spec.mjs:570:1 › item 20: the fill handle continues a series, and leaves source and target selected (ADR-0050 item 5, ADR-0052, ticket 15) (2.0s)
  ok 699 [msedge] › sheet-vs-excel.spec.mjs:581:1 › item 20: one number is copied, one date goes on by day, a Formula shifts (ADR-0050, ticket 15) (3.6s)
  ok 700 [msedge] › sheet-vs-excel.spec.mjs:596:1 › item 20: 1, 2, 4 continue as Excel's trend, to the 15 digits Excel keeps (ADR-0050, ticket 15) (2.7s)
  ok 701 [msedge] › sheet-vs-excel.spec.mjs:608:1 › item 20: a series filled up goes backwards, and the Focus stays on the source (ADR-0050, ADR-0052, ticket 15) (2.0s)
  ok 702 [msedge] › sheet-vs-excel.spec.mjs:621:1 › item 20: text in two cells filled left repeats backwards (ADR-0050, ticket 15) (1.9s)
  ok 703 [msedge] › sheet-vs-excel.spec.mjs:632:1 › item 20: Item 1, Mon and a date with a time are refused, by decision (ADR-0050) (3.5s)
  ok 704 [msedge] › sheet-vs-excel.spec.mjs:644:1 › item 21: with several ranges selected there is no fill handle (ADR-0050, ticket 15) (640ms)
  ok 705 [msedge] › sheet-vs-excel.spec.mjs:654:1 › item 22: inserting rows above a selected range keeps the Selection where it was, and the Focus (ADR-0046, ADR-0052, ticket 13) (778ms)
  ok 706 [msedge] › sheet-vs-excel.spec.mjs:666:1 › item 23: deleting a row a Formula references writes #REF! in its place (ADR-0046, ticket 13) (1.6s)
  -  707 [msedge] › sheet-vs-excel.spec.mjs:677:6 › item 24: a rename is undone by Ctrl+Z, as Excel undoes it (ADR-0048, ticket 12)
  ok 708 [msedge] › sheet-vs-excel.spec.mjs:685:1 › item 25: a long text is cut with an ellipsis, by decision; Excel lets it run over (ADR-0046) (701ms)
  ok 709 [msedge] › sheet-vs-excel.spec.mjs:693:1 › item 26: a number too wide for its column shows #### (ADR-0016) (859ms)
  ok 710 [msedge] › sheet-vs-excel.spec.mjs:703:1 › item 27: every cell of a cycle and its dependents is #CIRC!, by decision; Excel shows 0 (ADR-0047) (1.6s)
  ok 711 [msedge] › sheet.spec.mjs:32:1 › SH-18: an Entry and a Formula typed into cells commit, compute and move the Focus down (3.4s)
  ok 712 [msedge] › sheet.spec.mjs:56:1 › SH-18/DC-7: Ctrl+arrow stops at the end of each block, Ctrl+Shift+arrow extends to it (3.7s)
  ok 713 [msedge] › sheet.spec.mjs:81:1 › SH-18/DC-2/DC-3: a column heading, a Row Heading and the corner select, and nothing sorts (2.4s)
  ok 714 [msedge] › sheet.spec.mjs:138:1 › DC-3: the Row Headings stay at the left edge while the Sheet scrolls sideways (2.1s)
  ok 715 [msedge] › sheet.spec.mjs:174:1 › SH-18/DC-11: the Name Box takes the Focus to an address, scrolled into view (2.6s)
  ok 716 [msedge] › sheet.spec.mjs:198:1 › SH-18/DC-11: the Name Box pressed with an edit open commits it, then navigates (2.6s)
  ok 717 [msedge] › sheet.spec.mjs:227:1 › SH-18/DC-22: the Formula Bar and the Cell Editor are one text; each commits and cancels once (2.7s)
  ok 718 [msedge] › sheet.spec.mjs:270:1 › SH-18: inserting a row keeps every Reference naming its cell, and one Ctrl+Z restores it (2.5s)
  ok 719 [msedge] › sheet.spec.mjs:306:1 › SH-5/SH-18: deleting a row rewrites the References below it, a deleted target is #REF!, and one Ctrl+Z restores it (2.7s)
  ok 720 [msedge] › sheet.spec.mjs:345:1 › SH-5/SH-18: inserting a column rewrites every Reference across it, and one Ctrl+Z restores it (2.5s)
  ok 721 [msedge] › sheet.spec.mjs:377:1 › SH-5/SH-18: deleting a column makes a Reference to it #REF!, and one Ctrl+Z restores it (2.3s)
  ok 722 [msedge] › sheet.spec.mjs:405:1 › SH-16/SH-18: the Linked Table reads #GETTING_DATA until its first snapshot, then the values (4.0s)
  ok 723 [msedge] › sheet.spec.mjs:420:1 › SH-2: the Focus reaches XFD1048576 and the DOM does not grow with the extent (2.8s)
  ok 724 [msedge] › sheets.spec.mjs:24:1 › SH-13/DC-25: typing and Formulas stay in the Sheet that has the keyboard (945ms)
  ok 725 [msedge] › sheets.spec.mjs:46:1 › SH-13: each Sheet keeps its own undo stack (845ms)
  ok 726 [msedge] › sheets.spec.mjs:68:1 › ADR-0018: a completion list, a pointing outline and the Formula Bar belong to one Sheet (758ms)
  ok 727 [msedge] › sheets.spec.mjs:110:1 › ADR-0018: a Context Menu opens in the Sheet it was asked of, and its command acts there (251ms)
  ok 728 [msedge] › sheets.spec.mjs:129:1 › ADR-0018: a Sheet the user has pressed keeps the keyboard when the other one finishes a cancel late (2.8s)
  ok 729 [msedge] › sizing.spec.mjs:47:1 › a sorted Auto header and a Japanese Auto header paint whole (FN-12d, ADR-0016) (504ms)
  ok 730 [msedge] › sizing.spec.mjs:53:1 › a Japanese header double-clicked to fit paints whole at its fitted width (FN-12d, ADR-0016) (174ms)
  ok 731 [msedge] › sizing.spec.mjs:62:1 › a bold total the estimate fits paints whole, and a #### run fits its cell (FN-12e, ADR-0016) (483ms)
  ok 732 [msedge] › sizing.spec.mjs:77:1 › a double-click on an edge fits a value the Viewport has not painted (FN-12a, ADR-0016) (742ms)
  ok 733 [msedge] › sizing.spec.mjs:93:1 › a press on an edge that does not move reports no width and sorts nothing (FN-12b, ADR-0016) (251ms)
  ok 734 [msedge] › sizing.spec.mjs:101:1 › Shift+click on a header selects whole columns and does not sort (SR-2a, ADR-0012) (276ms)
  ok 735 [msedge] › sizing.spec.mjs:110:1 › dragging the edge of one of several whole columns resizes them all (FN-12c, ADR-0016) (409ms)
  ok 736 [msedge] › sizing.spec.mjs:125:1 › columns narrower than a wide box are not stretched, and a resize changes no column width (UX-11b, ADR-0045) (226ms)
  ok 737 [msedge] › sizing.spec.mjs:145:1 › a window narrower than the pinned block suspends pinning, and widening restores it (FN-6a, ADR-0045) (560ms)
  ok 738 [msedge] › stretch.spec.mjs:26:5 › in parents with a definite height › a sized box: the grid is the box, rows reach its bottom, and the DOM is the box's (VZ-12a, ADR-0028) (560ms)
  ok 739 [msedge] › stretch.spec.mjs:38:5 › in parents with a definite height › the rest of a flex column: the grid starts under the toolbar and ends with the column (VZ-12a, ADR-0028) (182ms)
  ok 740 [msedge] › stretch.spec.mjs:47:5 › in parents with a definite height › inside the paper: the Stretch grid takes what the toolbar leaves; a declared grid is unchanged (WR-7a, ADR-0030) (216ms)
  ok 741 [msedge] › stretch.spec.mjs:65:5 › in a parent with no height › nothing is painted and the grid names the parent (VZ-12b, ADR-0028) (691ms)
  ok 742 [msedge] › stretch.spec.mjs:80:5 › in a box that follows the window › the Viewport follows the window, both ways (VZ-12a, ADR-0028/0045) (426ms)
  ok 743 [msedge] › stretch.spec.mjs:88:5 › in a box that follows the window › a column that cannot be filtered shows its commands alone, and Tab closes them as a Cancel (KB-30, ADR-0039/0044) (416ms)
  ok 744 [msedge] › stretch.spec.mjs:106:5 › in a box that follows the window › a column menu with less than a row of room closes, and the keyboard is the grid's (UX-11a, ADR-0040) (409ms)
  ok 745 [msedge] › stripes.spec.mjs:60:1 › a pinned and a scrollable cell of one striped row paint the same ground (UX-15) (642ms)
  ok 746 [msedge] › stripes.spec.mjs:84:1 › a group or total row paints its own ground over the stripe and still counts (UX-16) (229ms)
  ok 747 [msedge] › stripes.spec.mjs:105:1 › a Cell State ground and the overlays paint over the stripe (UX-16) (534ms)
  ok 748 [msedge] › stripes.spec.mjs:129:1 › under forced colours no stripe is painted (UX-16) (234ms)
  ok 749 [msedge] › virtualisation.spec.mjs:39:1 › the far corner is reachable and painted at 10⁶ rows (BIG-1) (980ms)
  ok 750 [msedge] › virtualisation.spec.mjs:57:1 › the spacer is laid out as declared under the Layout Ceiling, and the last row ends flush (VZ-15) (426ms)
  ok 751 [msedge] › virtualisation.spec.mjs:112:1 › the element count is the same at 10³, 10⁵ and 10⁶ rows (VZ-1, BIG-2, DOM-1) (1.6s)
  ok 752 [msedge] › virtualisation.spec.mjs:125:1 › the first and the last row paint their own data, there and back again (BIG-5) (726ms)
  ok 753 [msedge] › virtualisation.spec.mjs:158:1 › a scroll to the end made as the grid becomes ready is not undone by the Layout Ceiling (BIG-5, ADR-0053) (704ms)
  ok 754 [msedge] › virtualisation.spec.mjs:191:1 › scrolling changes which rows exist, not how many elements do (ADR-0004 P1, across a scroll) (1.2s)
  ok 755 [msedge] › virtualisation.spec.mjs:207:1 › Ctrl+A over 10⁶ × 100 is one rectangle, counted as 10⁸, and the next key is answered (BIG-3, SL-6, DOM-2) (175ms)
  ok 756 [msedge] › virtualisation.spec.mjs:308:1 › a scroll frame makes at most one interop call, whatever is painted (PF-1) (3.1s)
  ok 757 [chrome-150] › marks.spec.mjs:41:1 › after "mark all", rows scrolled to far away paint ticked (MK-6) (781ms)
  ok 758 [chrome-150] › scrollbar.spec.mjs:221:5 › the Focus is never behind a scrollbar (ADR-0012/0013) › with the platform's own scrollbars (507ms)
  ok 759 [chrome-150] › scrollbar.spec.mjs:231:5 › the Focus is never behind a scrollbar (ADR-0012/0013) › with scrollbars that occupy layout (525ms)
  ok 760 [chrome-150] › scrollbar.spec.mjs:257:5 › the Focus is never behind a scrollbar (ADR-0012/0013) › at every zoom level, after moving again (1.0s)
  ok 761 [chrome-150] › scrollbar.spec.mjs:336:5 › on a Windows desktop at fractional display scaling (VZ-14) › the Focus stays readable with the OS doing the scaling (510ms)
  ok 762 [chrome-150] › sheet-vs-excel.spec.mjs:177:1 › item 3: a column letter selects the column, Shift+click extends, the Focus on the top visible row (ADR-0050 §1, ADR-0052, ticket 06) (1.1s)
  ok 763 [chrome-150] › sheet-vs-excel.spec.mjs:213:1 › item 5: the corner selects every cell, the Focus on the top-left visible cell (ADR-0050 §1, ADR-0052, ticket 06) (956ms)
  ok 764 [chrome-150] › sheet-vs-excel.spec.mjs:312:1 › active cell, cases 7 and 8: Ctrl+. walks the corners, Ctrl+Backspace scrolls back to the Focus, Shift+Backspace collapses (ADR-0052) (2.2s)
  ok 765 [chrome-150] › sheet.spec.mjs:56:1 › SH-18/DC-7: Ctrl+arrow stops at the end of each block, Ctrl+Shift+arrow extends to it (3.9s)
  ok 766 [chrome-150] › sheet.spec.mjs:81:1 › SH-18/DC-2/DC-3: a column heading, a Row Heading and the corner select, and nothing sorts (2.5s)
  ok 767 [chrome-150] › sheet.spec.mjs:420:1 › SH-2: the Focus reaches XFD1048576 and the DOM does not grow with the extent (2.8s)
  ok 768 [chrome-150] › virtualisation.spec.mjs:39:1 › the far corner is reachable and painted at 10⁶ rows (BIG-1) (907ms)
  ok 769 [chrome-150] › virtualisation.spec.mjs:57:1 › the spacer is laid out as declared under the Layout Ceiling, and the last row ends flush (VZ-15) (545ms)
  ok 770 [chrome-150] › virtualisation.spec.mjs:125:1 › the first and the last row paint their own data, there and back again (BIG-5) (981ms)
  ok 771 [chrome-150] › virtualisation.spec.mjs:158:1 › a scroll to the end made as the grid becomes ready is not undone by the Layout Ceiling (BIG-5, ADR-0053) (792ms)


  1) [chrome] › inspectors.spec.mjs:88:5 › RI-4: modal, by click, handler returning once the dialog is shown: the keyboard is in the inspector, and back in the grid when it closes (ADR-0020/0037) 

    Error: zero console errors (CON-1)

    expect(received).toEqual(expected) // deep equality

    - Expected  - 1
    + Received  + 4

    - Array []
    + Array [
    +   "WebSocket connection to 'ws://localhost:5298/_blazor?id=o7mDAMXlS5jurgrkJCDTcw' failed: Error in connection establishment: net::ERR_NO_BUFFER_SPACE",
    +   "[2026-09-29T10:31:38.570Z] Error: Failed to start the transport 'WebSockets': Error: WebSocket failed to connect. The connection could not be found on the server, either the endpoint may not be a SignalR endpoint, the connection ID is not present on the server, or there is a proxy blocking WebSockets. If you have multiple servers check that sticky sessions are enabled.",
    + ]

       at fixtures.mjs:185

      183 |     });
      184 |
    > 185 |     expect.soft(errors.map((m) => m.text), 'zero console errors (CON-1)').toEqual([]);
          |                                                                           ^
      186 |     expect.soft(pageErrors, 'zero uncaught page errors (CON-2)').toEqual([]);
      187 |     const named = (text) => expectedWarnings.some((pattern) => pattern.test(text));
      188 |     for (const pattern of expectedWarnings) {
        at verdict (C:\Users\amisa\AppData\Local\exgrid-layer3\run-2026-09-29-4\tests\ExGrid.Browser\fixtures.mjs:185:75)
        at sharedPage (C:\Users\amisa\AppData\Local\exgrid-layer3\run-2026-09-29-4\tests\ExGrid.Browser\fixtures.mjs:527:5)
        at Object.page (C:\Users\amisa\AppData\Local\exgrid-layer3\run-2026-09-29-4\tests\ExGrid.Browser\fixtures.mjs:608:13)

    Error Context: test-results\inspectors-RI-4-modal-by-c-5afdf-en-it-closes-ADR-0020-0037--chrome\error-context.md

    attachment #2: trace (application/zip) ─────────────────────────────────────────────────────────
    test-results\inspectors-RI-4-modal-by-c-5afdf-en-it-closes-ADR-0020-0037--chrome\trace.zip
    Usage:

        npx playwright show-trace test-results\inspectors-RI-4-modal-by-c-5afdf-en-it-closes-ADR-0020-0037--chrome\trace.zip

    ────────────────────────────────────────────────────────────────────────────────────────────────

  2) [chrome] › mud-app.spec.mjs:165:1 › WR-7: a Drawer toggle resizes the Stretch grid and its geometry follows (ADR-0028) 

    Error: the Stretch grid's width with the Drawer closed

    the Stretch grid's width with the Drawer closed

    expect(received).toBeCloseTo(expected, precision)

    Expected: 1243.6771240234375
    Received: 1214

    Expected precision:    0
    Expected difference: < 0.5
    Received difference:   29.6771240234375

    Call Log:
    - Timeout 5000ms exceeded while waiting on the predicate

      186 |         // for; then the paint, which is the grid saying it was told.
      187 |         await expect.poll(async () => (await geometry(positions(page), 2)).width, { message: `the Stretch grid's width with the Drawer ${state}` })
    > 188 |             .toBeCloseTo(expected, 0);
          |              ^
      189 |         await expect.poll(async () => sliceMatchesReadableArea(await geometry(positions(page), 2)),
      190 |             { message: `the painted columns are exactly the readable ones with the Drawer ${state}` }).toBe(true);
      191 |
        at C:\Users\amisa\AppData\Local\exgrid-layer3\run-2026-09-29-4\tests\ExGrid.Browser\mud-app.spec.mjs:188:14

    Error Context: test-results\mud-app-WR-7-a-Drawer-togg-9747d--geometry-follows-ADR-0028--chrome\error-context.md

    attachment #2: trace (application/zip) ─────────────────────────────────────────────────────────
    test-results\mud-app-WR-7-a-Drawer-togg-9747d--geometry-follows-ADR-0028--chrome\trace.zip
    Usage:

        npx playwright show-trace test-results\mud-app-WR-7-a-Drawer-togg-9747d--geometry-follows-ADR-0028--chrome\trace.zip

    ────────────────────────────────────────────────────────────────────────────────────────────────

  3) [chrome] › sheet-vs-excel.spec.mjs:666:1 › item 23: deleting a row a Formula references writes #REF! in its place (ADR-0046, ticket 13) 

    Error: locator.click: Element is not visible
    Call log:
      - waiting for locator('.ex-grid').first().locator('[id$=\'-r0c4\']')
        - locator resolved to <div role="gridcell" id="ex179-r0c4" aria-colindex="5" class="ex-cell ex-cell-numeric">14</div>
      - attempting click action
        - scrolling into view if needed
        - done scrolling


      46 | // probes ask about Excel's behaviours, not that race.
      47 | async function click(page, a1, options = {}) {
    > 48 |     await cell(page, a1).click({ force: true, ...options });
         |                          ^
      49 |     await page.waitForTimeout(PACE_MS);
      50 |     if (Object.keys(options).length === 0) await expect(nameBox(page)).toHaveValue(a1);
      51 | }
        at click (C:\Users\amisa\AppData\Local\exgrid-layer3\run-2026-09-29-4\tests\ExGrid.Browser\sheet-vs-excel.spec.mjs:48:26)
        at entryOf (C:\Users\amisa\AppData\Local\exgrid-layer3\run-2026-09-29-4\tests\ExGrid.Browser\sheet-vs-excel.spec.mjs:85:11)
        at C:\Users\amisa\AppData\Local\exgrid-layer3\run-2026-09-29-4\tests\ExGrid.Browser\sheet-vs-excel.spec.mjs:672:18

    Error Context: test-results\sheet-vs-excel-item-23-del-db6a5-s-place-ADR-0046-ticket-13--chrome\error-context.md

    attachment #2: trace (application/zip) ─────────────────────────────────────────────────────────
    test-results\sheet-vs-excel-item-23-del-db6a5-s-place-ADR-0046-ticket-13--chrome\trace.zip
    Usage:

        npx playwright show-trace test-results\sheet-vs-excel-item-23-del-db6a5-s-place-ADR-0046-ticket-13--chrome\trace.zip

    ────────────────────────────────────────────────────────────────────────────────────────────────

  4) [msedge] › mud-app.spec.mjs:165:1 › WR-7: a Drawer toggle resizes the Stretch grid and its geometry follows (ADR-0028) 

    Error: the Stretch grid's width with the Drawer closed

    the Stretch grid's width with the Drawer closed

    expect(received).toBeCloseTo(expected, precision)

    Expected: 1220.6979370117188
    Received: 1214

    Expected precision:    0
    Expected difference: < 0.5
    Received difference:   6.69793701171875

    Call Log:
    - Timeout 5000ms exceeded while waiting on the predicate

      186 |         // for; then the paint, which is the grid saying it was told.
      187 |         await expect.poll(async () => (await geometry(positions(page), 2)).width, { message: `the Stretch grid's width with the Drawer ${state}` })
    > 188 |             .toBeCloseTo(expected, 0);
          |              ^
      189 |         await expect.poll(async () => sliceMatchesReadableArea(await geometry(positions(page), 2)),
      190 |             { message: `the painted columns are exactly the readable ones with the Drawer ${state}` }).toBe(true);
      191 |
        at C:\Users\amisa\AppData\Local\exgrid-layer3\run-2026-09-29-4\tests\ExGrid.Browser\mud-app.spec.mjs:188:14

    Error Context: test-results\mud-app-WR-7-a-Drawer-togg-9747d--geometry-follows-ADR-0028--msedge\error-context.md

    attachment #2: trace (application/zip) ─────────────────────────────────────────────────────────
    test-results\mud-app-WR-7-a-Drawer-togg-9747d--geometry-follows-ADR-0028--msedge\trace.zip
    Usage:

        npx playwright show-trace test-results\mud-app-WR-7-a-Drawer-togg-9747d--geometry-follows-ADR-0028--msedge\trace.zip

    ────────────────────────────────────────────────────────────────────────────────────────────────

  5) [msedge] › mud-app.spec.mjs:432:1 › WR-6: Striped paints the palette's table-stripe colour in both schemes, and a switch re-renders no row (ADR-0038/0030, RR-1) 

    Error: expect(received).toEqual(expected) // deep equality

    - Expected  - 1
    + Received  + 0

    @@ -6,7 +6,6 @@
        "4",
        "5",
        "6",
        "7",
        "8",
    -   "9",
      ]

      473 |     expect(dark.rowImage).toContain(dark.token);
      474 |     const probes = await positions(page).evaluate((root) => [...root.querySelectorAll('.ex-row')].map((row) => row.dataset.probe));
    > 475 |     expect(probes).toEqual([...Array(count).keys()].map(String));
          |                    ^
      476 | });
      477 |
        at C:\Users\amisa\AppData\Local\exgrid-layer3\run-2026-09-29-4\tests\ExGrid.Browser\mud-app.spec.mjs:475:20

    Error Context: test-results\mud-app-WR-6-Striped-paint-137c0--no-row-ADR-0038-0030-RR-1--msedge\error-context.md

    attachment #2: trace (application/zip) ─────────────────────────────────────────────────────────
    test-results\mud-app-WR-6-Striped-paint-137c0--no-row-ADR-0038-0030-RR-1--msedge\trace.zip
    Usage:

        npx playwright show-trace test-results\mud-app-WR-6-Striped-paint-137c0--no-row-ADR-0038-0030-RR-1--msedge\trace.zip

    ────────────────────────────────────────────────────────────────────────────────────────────────

  5 failed
    [chrome] › inspectors.spec.mjs:88:5 › RI-4: modal, by click, handler returning once the dialog is shown: the keyboard is in the inspector, and back in the grid when it closes (ADR-0020/0037) 
    [chrome] › mud-app.spec.mjs:165:1 › WR-7: a Drawer toggle resizes the Stretch grid and its geometry follows (ADR-0028) 
    [chrome] › sheet-vs-excel.spec.mjs:666:1 › item 23: deleting a row a Formula references writes #REF! in its place (ADR-0046, ticket 13) 
    [msedge] › mud-app.spec.mjs:165:1 › WR-7: a Drawer toggle resizes the Stretch grid and its geometry follows (ADR-0028) 
    [msedge] › mud-app.spec.mjs:432:1 › WR-6: Striped paints the palette's table-stripe colour in both schemes, and a switch re-renders no row (ADR-0038/0030, RR-1) 
  22 skipped
  744 passed (14.9m)
end 11:42:53
